"","X1","X2","X3","X4","X5","X6"
"[Eubacterium]_eligens_ATCC_27750_",2.22044604925031e-16,0.752436137854487,2.22044604925031e-16,2.22044604925031e-16,1.76528140744597,2.22044604925031e-16
"Acaryochloris_marina_MBIC11017_",0.575880479447247,2.22044604925031e-16,2.22044604925031e-16,2.22044604925031e-16,0.484410237848424,1.30887622238759
"Acetobacter_pasteurianus_3P3_",0.39038536335308,2.22044604925031e-16,2.22044604925031e-16,2.22044604925031e-16,0.522882432189735,2.22044604925031e-16
"Acetobacter_pasteurianus_IFO_3283-01_",2.22044604925031e-16,2.22044604925031e-16,2.22044604925031e-16,2.22044604925031e-16,0.658798453155127,2.22044604925031e-16
"Achromobacter_xylosoxidans_A8_",0.64483054734976,2.22044604925031e-16,2.22044604925031e-16,2.22044604925031e-16,2.22044604925031e-16,2.22044604925031e-16
"Achromobacter_xylosoxidans_NBRC_15126_=_ATCC_27061_",0.368474598485577,2.22044604925031e-16,2.22044604925031e-16,2.22044604925031e-16,2.22044604925031e-16,2.22044604925031e-16
"Acidiphilium_cryptum_JF-5_",2.22044604925031e-16,2.22044604925031e-16,2.22044604925031e-16,2.22044604925031e-16,0.329399226577563,2.22044604925031e-16
"Acidithiobacillus_caldus_ATCC_51756_",2.22044604925031e-16,2.22044604925031e-16,2.22044604925031e-16,2.22044604925031e-16,0.550095337340636,0.378606769077
"Acinetobacter_baumannii_",2.22044604925031e-16,2.22044604925031e-16,2.22044604925031e-16,2.22044604925031e-16,2.22044604925031e-16,16.8409665545153
"Acinetobacter_haemolyticus_MTCC_9819_",1.28966109469952,2.22044604925031e-16,2.22044604925031e-16,2.22044604925031e-16,2.22044604925031e-16,2.22044604925031e-16
"Acinetobacter_indicus_CIP_110367_",0.768082839780124,0.284034473630202,2.22044604925031e-16,2.22044604925031e-16,0.320212800901611,2.22044604925031e-16
"Acinetobacter_johnsonii_SH046_",1.10542379545673,2.22044604925031e-16,2.22044604925031e-16,2.22044604925031e-16,2.22044604925031e-16,2.22044604925031e-16
"Acinetobacter_lwoffii_NCTC_5866_=_CIP_64.10_",1.01330514583534,2.22044604925031e-16,2.22044604925031e-16,2.22044604925031e-16,2.22044604925031e-16,2.22044604925031e-16
"Acinetobacter_lwoffii_SH145_",1.93449164204928,2.22044604925031e-16,2.22044604925031e-16,2.22044604925031e-16,2.22044604925031e-16,2.22044604925031e-16
"Acinetobacter_lwoffii_WJ10621_",1.01330514583534,2.22044604925031e-16,2.22044604925031e-16,2.22044604925031e-16,2.22044604925031e-16,2.22044604925031e-16
"Acinetobacter_radioresistens_SH164_",0.921186496213943,2.22044604925031e-16,2.22044604925031e-16,2.22044604925031e-16,2.22044604925031e-16,2.22044604925031e-16
"Acinetobacter_sp._ADP1_",0.0679669604616296,2.22044604925031e-16,2.22044604925031e-16,2.22044604925031e-16,2.22044604925031e-16,0.286445877214566
"Acinetobacter_sp._ATCC_27244_",0.173636025448624,2.22044604925031e-16,2.22044604925031e-16,2.22044604925031e-16,2.22044604925031e-16,0.267819842097379
"Acinetobacter_sp._RUH2624_",0.0607912982641359,2.22044604925031e-16,2.22044604925031e-16,2.22044604925031e-16,2.22044604925031e-16,0.549556966098415
"Acinetobacter_ursingii_DSM_16037_=_CIP_107286_",0.460593248106972,2.22044604925031e-16,2.22044604925031e-16,2.22044604925031e-16,2.22044604925031e-16,2.22044604925031e-16
"Advenella_mimigardefordensis_DPN7_",0.0921186496213943,2.22044604925031e-16,2.22044604925031e-16,0.167311893733357,2.22044604925031e-16,2.22044604925031e-16
"Aeromonas_hydrophila_subsp._hydrophila_ATCC_7966_",1.10542379545673,2.22044604925031e-16,2.22044604925031e-16,2.22044604925031e-16,2.22044604925031e-16,2.22044604925031e-16
"Aeromonas_hydrophila_YL17_",0.921186496213943,2.22044604925031e-16,2.22044604925031e-16,2.22044604925031e-16,2.22044604925031e-16,2.22044604925031e-16
"Aeromonas_salmonicida_subsp._salmonicida_A449_",0.624321352798575,2.22044604925031e-16,2.22044604925031e-16,2.22044604925031e-16,0.353844920077758,2.22044604925031e-16
"Aeromonas_veronii_B565_",1.01330514583534,2.22044604925031e-16,2.22044604925031e-16,2.22044604925031e-16,2.22044604925031e-16,2.22044604925031e-16
"Agrobacterium_fabrum_str._C58_",2.22044604925031e-16,1.30892890350286,2.22044604925031e-16,2.22044604925031e-16,0.410492737541958,2.22044604925031e-16
"Agrobacterium_radiobacter_K84_",2.22044604925031e-16,1.13744459437917,2.22044604925031e-16,2.22044604925031e-16,2.22044604925031e-16,2.22044604925031e-16
"Agrobacterium_rhizogenes_",2.22044604925031e-16,1.59242243213084,2.22044604925031e-16,2.22044604925031e-16,2.22044604925031e-16,2.22044604925031e-16
"Agrobacterium_sp._H13-3_",2.22044604925031e-16,0.45497783775167,2.22044604925031e-16,2.22044604925031e-16,2.22044604925031e-16,2.22044604925031e-16
"Agrobacterium_tumefaciens_CCNWGS0286_",0.542812825234079,3.26882315894163,2.22044604925031e-16,2.22044604925031e-16,2.22044604925031e-16,2.22044604925031e-16
"Agrobacterium_tumefaciens_str._Cherry_2E-2-2_",0.70066161152809,3.06305656703625,2.22044604925031e-16,2.22044604925031e-16,2.22044604925031e-16,2.22044604925031e-16
"Agrobacterium_vitis_S4_",2.22044604925031e-16,2.33498258810315,2.22044604925031e-16,2.22044604925031e-16,2.21878059272664,2.22044604925031e-16
"Alcaligenes_faecalis_",0.368474598485577,2.22044604925031e-16,2.22044604925031e-16,2.22044604925031e-16,2.22044604925031e-16,2.22044604925031e-16
"Aliivibrio_salmonicida_LFI1238_",0.460593248106972,2.22044604925031e-16,2.22044604925031e-16,2.22044604925031e-16,2.22044604925031e-16,2.22044604925031e-16
"Anabaena_cylindrica_PCC_7122_",2.22044604925031e-16,2.22044604925031e-16,2.22044604925031e-16,2.22044604925031e-16,0.439198968770085,2.22044604925031e-16
"Aromatoleum_aromaticum_EbN1_",2.22044604925031e-16,0.292218359393104,2.22044604925031e-16,2.22044604925031e-16,1.33366976392065,2.22044604925031e-16
"Arthrobacter_sp._FB24_",2.22044604925031e-16,2.22044604925031e-16,2.22044604925031e-16,2.22044604925031e-16,0.195628271087942,0.154268011351378
"Azoarcus_sp._KH32C_",2.22044604925031e-16,2.22044604925031e-16,2.22044604925031e-16,2.22044604925031e-16,2.22044604925031e-16,4.93832853854207
"Bacillus_amyloliquefaciens_subsp._plantarum_str._FZB42_",0.167746968873627,2.22044604925031e-16,2.22044604925031e-16,2.22044604925031e-16,2.22044604925031e-16,0.149290971587599
"Bacillus_cereus_",2.22044604925031e-16,2.22044604925031e-16,2.22044604925031e-16,2.22044604925031e-16,3.9191170933416,2.57130944078518
"Bacillus_licheniformis_DSM_13_=_ATCC_14580_",2.22044604925031e-16,2.22044604925031e-16,2.22044604925031e-16,2.22044604925031e-16,0.629361888379748,0.413818408720356
"Bacillus_mycoides_",0.245369279358979,2.22044604925031e-16,2.22044604925031e-16,2.22044604925031e-16,0.540085953911217,0.432743279672998
"Bacillus_subtilis_subsp._subtilis_str._168_",2.22044604925031e-16,2.22044604925031e-16,2.22044604925031e-16,2.22044604925031e-16,2.22044604925031e-16,2.78572379097245
"Bacteroides_fragilis_3_1_12_",2.22044604925031e-16,2.22044604925031e-16,2.22044604925031e-16,2.22044604925031e-16,0.548998710962606,2.22044604925031e-16
"Bacteroides_fragilis_NCTC_9343_",2.22044604925031e-16,2.22044604925031e-16,2.22044604925031e-16,2.22044604925031e-16,0.658798453155127,2.22044604925031e-16
"Bacteroides_ovatus_ATCC_8483_",2.22044604925031e-16,2.22044604925031e-16,2.22044604925031e-16,2.22044604925031e-16,0.329399226577563,2.22044604925031e-16
"Bacteroides_uniformis_ATCC_8492_",2.22044604925031e-16,2.22044604925031e-16,2.22044604925031e-16,2.22044604925031e-16,0.329399226577563,2.22044604925031e-16
"Bartonella_grahamii_as4aup_",2.22044604925031e-16,0.454977826026643,2.22044604925031e-16,2.22044604925031e-16,1.69775947624958e-08,2.22044604925031e-16
"Beijerinckia_indica_subsp._indica_ATCC_9039_",0.276355948864183,2.22044604925031e-16,2.22044604925031e-16,2.22044604925031e-16,2.22044604925031e-16,2.22044604925031e-16
"Bifidobacterium_breve_UCC2003_",2.22044604925031e-16,2.22044604925031e-16,2.22044604925031e-16,2.22044604925031e-16,0.439198968770085,2.22044604925031e-16
"Brachyspira_hyodysenteriae_WA1_",2.22044604925031e-16,2.22044604925031e-16,2.22044604925031e-16,2.22044604925031e-16,2.22044604925031e-16,0.633119043402829
"Bradyrhizobium_sp._BTAi1_",2.22044604925031e-16,0.758296396252782,2.22044604925031e-16,2.22044604925031e-16,2.22044604925031e-16,2.22044604925031e-16
"Brevibacillus_laterosporus_DSM_25_",2.22044604925031e-16,2.22044604925031e-16,2.22044604925031e-16,2.22044604925031e-16,1.31759690631025,2.22044604925031e-16
"Brevibacillus_laterosporus_LMG_15441_",2.22044604925031e-16,2.22044604925031e-16,2.22044604925031e-16,2.22044604925031e-16,1.09799742192521,2.22044604925031e-16
"Buchnera_aphidicola_BCc_",2.22044604925031e-16,2.22044604925031e-16,2.22044604925031e-16,0.334623787466714,2.22044604925031e-16,2.22044604925031e-16
"Buchnera_aphidicola_str._Bp_",2.22044604925031e-16,2.22044604925031e-16,2.22044604925031e-16,0.334623787466714,2.22044604925031e-16,2.22044604925031e-16
"Buchnera_aphidicola_str._G002_",2.22044604925031e-16,2.22044604925031e-16,2.22044604925031e-16,0.334623787466714,2.22044604925031e-16,2.22044604925031e-16
"Burkholderia_cenocepacia_J2315_",2.22044604925031e-16,2.22044604925031e-16,2.22044604925031e-16,2.22044604925031e-16,1.09799742192521,2.22044604925031e-16
"Burkholderia_cepacia_",0.656554338139222,0.976134600161986,2.22044604925031e-16,2.22044604925031e-16,2.22044604925031e-16,2.22044604925031e-16
"Burkholderia_gladioli_BSR3_",2.22044604925031e-16,2.22044604925031e-16,2.22044604925031e-16,2.22044604925031e-16,0.658798453155127,2.22044604925031e-16
"Burkholderia_glumae_BGR1_",2.22044604925031e-16,0.691830007165163,2.22044604925031e-16,0.240500876914881,0.000180261804440529,2.22044604925031e-16
"Burkholderia_multivorans_ATCC_17616_",0.203429042552916,2.00291479631964,2.22044604925031e-16,2.22044604925031e-16,0.261138152581201,2.22044604925031e-16
"Burkholderia_pseudomallei_ABCPW_111_",2.22044604925031e-16,2.22044604925031e-16,2.22044604925031e-16,2.22044604925031e-16,2.19599484385042,2.22044604925031e-16
"Burkholderia_pseudomallei_K96243_",2.22044604925031e-16,2.22044604925031e-16,2.22044604925031e-16,2.22044604925031e-16,1.42739664850277,2.22044604925031e-16
"Campylobacter_jejuni_subsp._jejuni_414_",2.22044604925031e-16,2.22044604925031e-16,2.22044604925031e-16,2.22044604925031e-16,1.20779716411773,2.22044604925031e-16
"Campylobacter_jejuni_subsp._jejuni_81-176_",2.22044604925031e-16,2.22044604925031e-16,2.22044604925031e-16,2.22044604925031e-16,2.19599484385042,2.22044604925031e-16
"Campylobacter_jejuni_subsp._jejuni_NCTC_11168_=_ATCC_700819_",2.22044604925031e-16,2.22044604925031e-16,2.22044604925031e-16,2.22044604925031e-16,1.75679587508034,2.22044604925031e-16
"Carnobacterium_maltaromaticum_LMA28_",2.22044604925031e-16,2.22044604925031e-16,2.22044604925031e-16,2.22044604925031e-16,0.548998710962606,2.22044604925031e-16
"Citrobacter_amalonaticus_",0.829067846592549,2.22044604925031e-16,2.22044604925031e-16,2.22044604925031e-16,2.22044604925031e-16,2.22044604925031e-16
"Clostridium_botulinum_202F_",2.22044604925031e-16,2.22044604925031e-16,2.22044604925031e-16,2.22044604925031e-16,0.98819767973269,2.22044604925031e-16
"Clostridium_botulinum_A2_str._Kyoto_",2.22044604925031e-16,2.22044604925031e-16,2.22044604925031e-16,2.22044604925031e-16,1.64699613288782,2.22044604925031e-16
"Clostridium_botulinum_BKT015925_",2.22044604925031e-16,2.22044604925031e-16,2.22044604925031e-16,2.22044604925031e-16,0.768598195347648,2.22044604925031e-16
"Clostridium_botulinum_C-D_str._BKT12695_",2.22044604925031e-16,2.22044604925031e-16,2.22044604925031e-16,2.22044604925031e-16,0.329399226577563,2.22044604925031e-16
"Clostridium_botulinum_D_str._1873_",2.22044604925031e-16,2.22044604925031e-16,2.22044604925031e-16,2.22044604925031e-16,0.658798453155127,2.22044604925031e-16
"Clostridium_botulinum_E1_str._'BoNT_E_Beluga'_",2.22044604925031e-16,2.22044604925031e-16,2.22044604925031e-16,2.22044604925031e-16,1.64699613288782,2.22044604925031e-16
"Clostridium_botulinum_NCTC_2916_",2.22044604925031e-16,2.22044604925031e-16,2.22044604925031e-16,2.22044604925031e-16,1.20779716411773,2.22044604925031e-16
"Clostridium_butyricum_E4_str._BoNT_E_BL5262_",2.22044604925031e-16,2.22044604925031e-16,2.22044604925031e-16,2.22044604925031e-16,4.17239020331581,2.22044604925031e-16
"Clostridium_perfringens_ATCC_13124_",2.22044604925031e-16,2.22044604925031e-16,2.22044604925031e-16,2.22044604925031e-16,1.42739664850277,2.22044604925031e-16
"Comamonas_testosteroni_KF-1_",0.368474598485577,2.22044604925031e-16,2.22044604925031e-16,2.22044604925031e-16,2.22044604925031e-16,2.22044604925031e-16
"Cupriavidus_metallidurans_CH34_",0.518637535844253,9.05177623024809,2.22044604925031e-16,2.22044604925031e-16,2.22044604925031e-16,2.22044604925031e-16
"Cupriavidus_taiwanensis_LMG_19424_",2.22044604925031e-16,1.36493351325501,2.22044604925031e-16,2.22044604925031e-16,2.22044604925031e-16,2.22044604925031e-16
"Deinococcus_deserti_VCD115_",0.427743640588222,2.22044604925031e-16,2.22044604925031e-16,2.22044604925031e-16,0.148954445952383,2.22044604925031e-16
"Deinococcus_geothermalis_DSM_11300_",2.22044604925031e-16,2.22044604925031e-16,2.22044604925031e-16,2.22044604925031e-16,1.5371963906953,2.22044604925031e-16
"Deinococcus_gobiensis_I-0_",0.195374143976847,2.22044604925031e-16,2.22044604925031e-16,2.22044604925031e-16,0.645524021911687,2.22044604925031e-16
"Deinococcus_proteolyticus_MRP_",0.108001192767978,2.22044604925031e-16,2.22044604925031e-16,2.22044604925031e-16,0.639867442442053,2.22044604925031e-16
"Deinococcus_wulumuqiensis_R12_",2.22044604925031e-16,2.22044604925031e-16,2.22044604925031e-16,2.22044604925031e-16,3.6233914923532,2.22044604925031e-16
"Delftia_acidovorans_SPH-1_",0.276355948864183,2.22044604925031e-16,2.22044604925031e-16,2.22044604925031e-16,2.22044604925031e-16,2.22044604925031e-16
"Dinoroseobacter_shibae_DFL_12_=_DSM_16493_",2.22044604925031e-16,2.22044604925031e-16,2.22044604925031e-16,2.22044604925031e-16,0.658798453155127,2.22044604925031e-16
"Ensifer_sojae_CCBAU_05684_",0.174698873950369,2.9652077251882,2.22044604925031e-16,2.22044604925031e-16,2.22044604925031e-16,2.22044604925031e-16
"Enterobacter_asburiae_LF7a_",1.01330514583534,2.22044604925031e-16,2.22044604925031e-16,2.22044604925031e-16,2.22044604925031e-16,2.22044604925031e-16
"Enterobacter_cloacae_EcWSU1_",7.64584791857574,2.22044604925031e-16,2.22044604925031e-16,2.22044604925031e-16,2.22044604925031e-16,2.22044604925031e-16
"Enterobacter_cloacae_subsp._cloacae_ATCC_13047_",5.61923762690505,2.22044604925031e-16,2.22044604925031e-16,2.22044604925031e-16,2.22044604925031e-16,2.22044604925031e-16
"Enterococcus_faecalis_13-SD-W-01_",2.22044604925031e-16,2.22044604925031e-16,2.22044604925031e-16,2.22044604925031e-16,0.329399226577563,2.22044604925031e-16
"Enterococcus_faecalis_ATCC_29212_",2.22044604925031e-16,2.22044604925031e-16,2.22044604925031e-16,2.22044604925031e-16,0.878397937540169,2.22044604925031e-16
"Enterococcus_faecalis_V583_",2.22044604925031e-16,2.22044604925031e-16,2.22044604925031e-16,2.22044604925031e-16,0.548998710962606,2.22044604925031e-16
"Enterococcus_faecium_NRRL_B-2354_",0.0573792440429988,2.22044604925031e-16,2.22044604925031e-16,2.22044604925031e-16,1.74270183333454,1.07699591985128
"Enterococcus_gilvus_ATCC_BAA-350_",2.22044604925031e-16,2.22044604925031e-16,2.22044604925031e-16,2.22044604925031e-16,4.28218994550832,2.22044604925031e-16
"Erwinia_amylovora_CFBP1430_",0.460593248106972,2.22044604925031e-16,2.22044604925031e-16,2.22044604925031e-16,2.22044604925031e-16,2.22044604925031e-16
"Erwinia_billingiae_Eb661_",0.921186496213943,2.22044604925031e-16,2.22044604925031e-16,2.22044604925031e-16,2.22044604925031e-16,2.22044604925031e-16
"Escherichia_albertii_KF1_",0.921186496213943,2.22044604925031e-16,2.22044604925031e-16,2.22044604925031e-16,2.22044604925031e-16,2.22044604925031e-16
"Escherichia_albertii_TW07627_",1.01330514583534,2.22044604925031e-16,2.22044604925031e-16,2.22044604925031e-16,2.22044604925031e-16,2.22044604925031e-16
"Escherichia_coli_536_",2.22044604925031e-16,2.22044604925031e-16,2.22044604925031e-16,34.2152822684714,2.22044604925031e-16,2.22044604925031e-16
"Escherichia_coli_ATCC_8739_",2.22044604925031e-16,2.22044604925031e-16,36.4612975470428,2.22044604925031e-16,2.22044604925031e-16,2.22044604925031e-16
"Escherichia_coli_BL21",2.22044604925031e-16,2.22044604925031e-16,53.4331665303992,19.3727212451409,2.22044604925031e-16,2.22044604925031e-16
"Escherichia_coli_CFT073_",2.22044604925031e-16,2.22044604925031e-16,45.8145476208964,9.96433035572299,2.22044604925031e-16,2.22044604925031e-16
"Escherichia_coli_O157:H7_str._EDL933_",2.22044604925031e-16,2.22044604925031e-16,51.2273462922702,22.1380988409192,2.22044604925031e-16,2.22044604925031e-16
"Escherichia_coli_str._K-12_substr._MG1655_",2.22044604925031e-16,2.22044604925031e-16,54.578162037934,21.236892749813,2.22044604925031e-16,2.22044604925031e-16
"Ewingella_americana_ATCC_33852_",1.10542379545673,2.22044604925031e-16,2.22044604925031e-16,2.22044604925031e-16,2.22044604925031e-16,2.22044604925031e-16
"Gloeocapsa_sp._PCC_7428_",0.0921186496213943,2.22044604925031e-16,2.22044604925031e-16,2.22044604925031e-16,0.219599484385042,2.22044604925031e-16
"Gluconobacter_oxydans_621H_",0.276355948864183,2.22044604925031e-16,2.22044604925031e-16,2.22044604925031e-16,2.22044604925031e-16,2.22044604925031e-16
"Gluconobacter_oxydans_H24_",0.1721534159698,0.161606412840017,2.22044604925031e-16,2.22044604925031e-16,2.22044604925031e-16,2.22044604925031e-16
"Gordonia_alkanivorans_NBRC_16433_",2.22044604925031e-16,2.22044604925031e-16,2.22044604925031e-16,2.22044604925031e-16,0.658798453155127,2.22044604925031e-16
"Gordonia_polyisoprenivorans_VH2_",2.22044604925031e-16,2.22044604925031e-16,2.22044604925031e-16,2.22044604925031e-16,2.22044604925031e-16,1.01299046944453
"Haematobacter_massiliensis_",2.22044604925031e-16,5.10290179725548,2.22044604925031e-16,2.22044604925031e-16,2.49308104968542,2.22044604925031e-16
"Halomonas_sp._KO116_",0.373663825645512,2.22044604925031e-16,2.22044604925031e-16,2.22044604925031e-16,0.433013730420618,2.22044604925031e-16
"Ilyobacter_polytropus_DSM_2926_",2.22044604925031e-16,2.22044604925031e-16,2.22044604925031e-16,2.22044604925031e-16,1.09799742192521,2.22044604925031e-16
"Janthinobacterium_lividum_",0.0242973278652748,0.148665737363612,2.22044604925031e-16,2.22044604925031e-16,0.194973156321502,2.22044604925031e-16
"Klebsiella_oxytoca_",3.77686463447716,2.22044604925031e-16,2.22044604925031e-16,2.22044604925031e-16,2.22044604925031e-16,2.22044604925031e-16
"Klebsiella_pneumoniae_",4.82651805024619,2.22044604925031e-16,2.22044604925031e-16,6.10912751709172,2.69872416928931,2.22044604925031e-16
"Kluyvera_ascorbata_ATCC_33433_",0.64483054734976,2.22044604925031e-16,2.22044604925031e-16,2.22044604925031e-16,2.22044604925031e-16,2.22044604925031e-16
"Komagataeibacter_medellinensis_NBRC_3288_",2.22044604925031e-16,0.0895155697960403,2.22044604925031e-16,2.22044604925031e-16,0.529181768513184,2.22044604925031e-16
"Komagataeibacter_xylinus_E25_",2.22044604925031e-16,2.22044604925031e-16,2.22044604925031e-16,2.22044604925031e-16,0.0610907488994755,0.56266766395208
"Kozakia_baliensis_",0.105359849485226,2.22044604925031e-16,2.22044604925031e-16,2.22044604925031e-16,0.344347316837723,0.217808109999108
"Lactobacillus_amylolyticus_DSM_11664_",2.22044604925031e-16,2.22044604925031e-16,2.22044604925031e-16,2.22044604925031e-16,1.5371963906953,2.22044604925031e-16
"Lactobacillus_crispatus_ST1_",2.22044604925031e-16,2.22044604925031e-16,2.22044604925031e-16,2.22044604925031e-16,0.548998710962606,2.22044604925031e-16
"Lactobacillus_iners_AB-1_",2.22044604925031e-16,2.22044604925031e-16,2.22044604925031e-16,2.22044604925031e-16,0.329399226577563,2.22044604925031e-16
"Lactococcus_lactis_subsp._cremoris_MG1363_",2.22044604925031e-16,2.22044604925031e-16,2.22044604925031e-16,2.22044604925031e-16,1.75679587508034,2.22044604925031e-16
"Lactococcus_lactis_subsp._lactis_Il1403_",2.22044604925031e-16,2.22044604925031e-16,2.22044604925031e-16,2.22044604925031e-16,1.86659561727286,2.22044604925031e-16
"Lactococcus_raffinolactis_4877_",0.165751518001787,2.22044604925031e-16,2.22044604925031e-16,2.22044604925031e-16,0.206277825655807,0.167396734489546
"Leclercia_adecarboxylata_ATCC_23216_=_NBRC_102595_",2.02661029167068,2.22044604925031e-16,2.22044604925031e-16,2.22044604925031e-16,2.22044604925031e-16,2.22044604925031e-16
"Legionella_longbeachae_NSW150_",0.163831478243516,2.22044604925031e-16,2.22044604925031e-16,2.22044604925031e-16,1.12231990053465,2.22044604925031e-16
"Legionella_oakridgensis_ATCC_33761_=_DSM_21215_",2.22044604925031e-16,2.22044604925031e-16,2.22044604925031e-16,2.22044604925031e-16,1.31759690631025,2.22044604925031e-16
"Legionella_pneumophila_str._Paris_",0.283602896689757,2.22044604925031e-16,2.22044604925031e-16,2.22044604925031e-16,0.210961570062578,2.22044604925031e-16
"Legionella_pneumophila_subsp._pneumophila_str._Philadelphia_1_",0.188501891088558,2.22044604925031e-16,2.22044604925031e-16,2.22044604925031e-16,0.873314807390669,2.22044604925031e-16
"Legionella_sainthelensi_ATCC_35248_",0.0921186496213943,2.22044604925031e-16,2.22044604925031e-16,2.22044604925031e-16,0.219599484385042,2.22044604925031e-16
"Leuconostoc_carnosum_JB16_",2.22044604925031e-16,2.22044604925031e-16,2.22044604925031e-16,2.22044604925031e-16,0.161982080649342,0.193069639623484
"Leuconostoc_citreum_KM20_",0.0446461869845592,2.22044604925031e-16,2.22044604925031e-16,2.22044604925031e-16,2.22044604925031e-16,0.318501982804259
"Leuconostoc_lactis_",2.22044604925031e-16,2.22044604925031e-16,2.22044604925031e-16,2.22044604925031e-16,2.22044604925031e-16,0.506495234722263
"Leuconostoc_mesenteroides_subsp._mesenteroides_ATCC_8293_",2.22044604925031e-16,2.22044604925031e-16,2.22044604925031e-16,2.22044604925031e-16,0.329399226577563,2.22044604925031e-16
"Listeria_innocua_Clip11262_",2.22044604925031e-16,2.22044604925031e-16,2.22044604925031e-16,2.22044604925031e-16,0.439198968770085,2.22044604925031e-16
"Listeria_monocytogenes_EGD-e_",2.22044604925031e-16,2.22044604925031e-16,2.22044604925031e-16,2.22044604925031e-16,2.22044604925031e-16,16.2078475111124
"Listeria_monocytogenes_str._Scott_A_",2.22044604925031e-16,2.22044604925031e-16,2.22044604925031e-16,2.22044604925031e-16,2.22044604925031e-16,20.2598093888906
"Marinobacter_adhaerens_HP15_",2.22044604925031e-16,2.22044604925031e-16,2.22044604925031e-16,0.0836559468666785,2.22044604925031e-16,0.253247617361131
"Martelella_mediterranea_DSM_17316_",2.22044604925031e-16,2.22044604925031e-16,2.22044604925031e-16,2.22044604925031e-16,2.22044604925031e-16,1.13961427812509
"Meiothermus_silvanus_DSM_9946_",2.22044604925031e-16,2.22044604925031e-16,2.22044604925031e-16,2.22044604925031e-16,0.878397937540169,2.22044604925031e-16
"Mesorhizobium_amorphae_CCNWGS0123_",2.22044604925031e-16,1.7440817113814,2.22044604925031e-16,2.22044604925031e-16,2.22044604925031e-16,2.22044604925031e-16
"Mesorhizobium_ciceri_biovar_biserrulae_WSM1271_",2.22044604925031e-16,0.379148198126391,2.22044604925031e-16,2.22044604925031e-16,2.22044604925031e-16,2.22044604925031e-16
"Methylibium_petroleiphilum_PM1_",2.22044604925031e-16,2.22044604925031e-16,2.22044604925031e-16,2.22044604925031e-16,1.5371963906953,2.22044604925031e-16
"Methylobacterium_nodulans_ORS_2060_",2.22044604925031e-16,0.606637117002226,2.22044604925031e-16,2.22044604925031e-16,2.22044604925031e-16,2.22044604925031e-16
"Methylobacterium_oryzae_CBMB20_",0.276355948864183,2.22044604925031e-16,2.22044604925031e-16,2.22044604925031e-16,2.22044604925031e-16,2.22044604925031e-16
"Methylobacterium_radiotolerans_JCM_2831_",0.368474598485577,2.22044604925031e-16,2.22044604925031e-16,2.22044604925031e-16,2.22044604925031e-16,2.22044604925031e-16
"Methylocystis_parvus_OBBP_",0.111892105016421,1.04533796846595,2.22044604925031e-16,2.22044604925031e-16,2.22044604925031e-16,2.22044604925031e-16
"Methylosinus_trichosporium_OB3b_",2.22044604925031e-16,2.22044604925031e-16,2.22044604925031e-16,2.22044604925031e-16,2.22044604925031e-16,1.39286189548622
"Morganella_morganii_subsp._morganii_KT_",0.368474598485577,2.22044604925031e-16,2.22044604925031e-16,2.22044604925031e-16,2.22044604925031e-16,2.22044604925031e-16
"Mycobacterium_marinum_M_",2.22044604925031e-16,2.22044604925031e-16,2.22044604925031e-16,2.22044604925031e-16,0.329399226577563,2.22044604925031e-16
"Nocardioides_sp._JS614_",0.169675698150405,2.22044604925031e-16,2.22044604925031e-16,2.22044604925031e-16,2.22044604925031e-16,0.146639792397032
"Novosphingobium_aromaticivorans_DSM_12444_",2.22044604925031e-16,2.22044604925031e-16,2.22044604925031e-16,2.22044604925031e-16,0.119105059661817,0.495764109899784
"Novosphingobium_pentaromativorans_US6-1_",2.22044604925031e-16,0.553417150222244,2.22044604925031e-16,2.22044604925031e-16,1.23508893905962,1.0703860524567
"Novosphingobium_resinovorum_",0.659914748037264,1.16375669818017,2.22044604925031e-16,2.22044604925031e-16,0.320964319368664,0.451551088440186
"Novosphingobium_sp._PP1Y_",2.22044604925031e-16,2.22044604925031e-16,2.22044604925031e-16,2.22044604925031e-16,2.22044604925031e-16,1.77273332152792
"Oceanithermus_profundus_DSM_14977_",2.22044604925031e-16,2.22044604925031e-16,2.22044604925031e-16,2.22044604925031e-16,0.329399226577563,2.22044604925031e-16
"Octadecabacter_arcticus_238_",2.22044604925031e-16,0.110837473246646,2.22044604925031e-16,2.22044604925031e-16,2.22044604925031e-16,0.194789931834753
"Paenibacillus_peoriae_KCTC_3763_",2.22044604925031e-16,2.22044604925031e-16,2.22044604925031e-16,2.22044604925031e-16,0.329399226577563,2.22044604925031e-16
"Paenibacillus_polymyxa_E681_",2.22044604925031e-16,2.22044604925031e-16,2.22044604925031e-16,2.22044604925031e-16,0.329399226577563,2.22044604925031e-16
"Paenibacillus_polymyxa_M1_",2.22044604925031e-16,2.22044604925031e-16,2.22044604925031e-16,2.22044604925031e-16,0.658798453155127,2.22044604925031e-16
"Paenibacillus_polymyxa_SC2_",2.22044604925031e-16,2.22044604925031e-16,2.22044604925031e-16,2.22044604925031e-16,2.0861951016579,2.22044604925031e-16
"Pannonibacter_phragmitetus_DSM_14782_",2.22044604925031e-16,0.379148198126391,2.22044604925031e-16,2.22044604925031e-16,2.22044604925031e-16,2.22044604925031e-16
"Pantoea_agglomerans_",2.11872894129207,2.22044604925031e-16,2.22044604925031e-16,2.22044604925031e-16,2.22044604925031e-16,2.22044604925031e-16
"Pantoea_ananatis_AJ13355_",3.68474598485577,2.22044604925031e-16,2.22044604925031e-16,2.22044604925031e-16,2.22044604925031e-16,2.22044604925031e-16
"Pantoea_ananatis_LMG_20103_",3.68474598485577,2.22044604925031e-16,2.22044604925031e-16,2.22044604925031e-16,2.22044604925031e-16,2.22044604925031e-16
"Pantoea_sp._At-9b_",0.596866673820315,0.873608629899126,2.22044604925031e-16,2.22044604925031e-16,2.22044604925031e-16,2.22044604925031e-16
"Pantoea_sp._PSNIH1_",0.460593248106972,2.22044604925031e-16,2.22044604925031e-16,2.22044604925031e-16,2.22044604925031e-16,2.22044604925031e-16
"Pantoea_stewartii_",2.11872894129207,2.22044604925031e-16,2.22044604925031e-16,2.22044604925031e-16,2.22044604925031e-16,2.22044604925031e-16
"Pantoea_vagans_C9-1_",1.66816067626605,0.295066257176654,2.22044604925031e-16,2.22044604925031e-16,2.22044604925031e-16,2.22044604925031e-16
"Paracoccus_aminophilus_JCM_7686_",2.22044604925031e-16,2.22044604925031e-16,2.22044604925031e-16,2.22044604925031e-16,1.09799742192521,2.22044604925031e-16
"Paracoccus_denitrificans_PD1222_",2.22044604925031e-16,0.758296396252782,2.22044604925031e-16,2.22044604925031e-16,2.22044604925031e-16,2.22044604925031e-16
"Paracoccus_pantotrophus_J46_",2.22044604925031e-16,3.71565234163863,2.22044604925031e-16,2.22044604925031e-16,2.22044604925031e-16,2.22044604925031e-16
"Paracoccus_yeei_ATCC_BAA-599_",2.22044604925031e-16,4.66263245887072,2.22044604925031e-16,2.22044604925031e-16,2.22044604925031e-16,1.96415582869293
"Pelobacter_propionicus_DSM_2379_",0.276355948864183,2.22044604925031e-16,2.22044604925031e-16,2.22044604925031e-16,2.22044604925031e-16,2.22044604925031e-16
"Persephonella_marina_EX-H1_",2.22044604925031e-16,2.22044604925031e-16,2.22044604925031e-16,2.22044604925031e-16,0.439198968770085,2.22044604925031e-16
"Phaeobacter_inhibens_DSM_17395_",0.186559043984818,1.71849713591812,2.22044604925031e-16,2.22044604925031e-16,0.583277268134245,2.22044604925031e-16
"Phenylobacterium_zucineum_HLK1_",0.359764396041013,1.22044424263082,2.22044604925031e-16,2.22044604925031e-16,2.22044604925031e-16,2.22044604925031e-16
"Photobacterium_damselae_subsp._damselae_CIP_102761_",2.22044604925031e-16,2.22044604925031e-16,2.22044604925031e-16,0.147259280744277,0.136119111214742,2.22044604925031e-16
"Pluralibacter_gergoviae_",0.264308614384838,2.22044604925031e-16,2.22044604925031e-16,2.22044604925031e-16,0.343758905376328,2.22044604925031e-16
"Polaromonas_naphthalenivorans_CJ2_",0.368474598485577,2.22044604925031e-16,2.22044604925031e-16,2.22044604925031e-16,2.22044604925031e-16,2.22044604925031e-16
"Polymorphum_gilvum_SL003B-26A1_",2.22044604925031e-16,2.22044604925031e-16,2.22044604925031e-16,2.22044604925031e-16,0.200248196015631,0.148940198384964
"Proteus_mirabilis_HI4320_",1.47389839394231,2.22044604925031e-16,2.22044604925031e-16,2.22044604925031e-16,2.22044604925031e-16,2.22044604925031e-16
"Proteus_penneri_ATCC_35198_",0.276355948864183,2.22044604925031e-16,2.22044604925031e-16,2.22044604925031e-16,2.22044604925031e-16,2.22044604925031e-16
"Proteus_vulgaris_",1.19754244507813,2.22044604925031e-16,2.22044604925031e-16,2.22044604925031e-16,2.22044604925031e-16,2.22044604925031e-16
"Providencia_rettgeri_Dmel1_",1.75025434280649,2.22044604925031e-16,2.22044604925031e-16,2.22044604925031e-16,2.22044604925031e-16,2.22044604925031e-16
"Providencia_rettgeri_DSM_1131_",1.84237299242789,2.22044604925031e-16,2.22044604925031e-16,2.22044604925031e-16,2.22044604925031e-16,2.22044604925031e-16
"Providencia_stuartii_ATCC_25827_",0.921186496213943,2.22044604925031e-16,2.22044604925031e-16,2.22044604925031e-16,2.22044604925031e-16,2.22044604925031e-16
"Pseudoalteromonas_sp._Bsw20308_",2.22044604925031e-16,2.22044604925031e-16,2.22044604925031e-16,0.523596877230349,2.22044604925031e-16,0.473708287175051
"Pseudomonas_aeruginosa_",3.88372651918008,2.49024186586624,2.22044604925031e-16,2.22044604925031e-16,2.22044604925031e-16,2.22044604925031e-16
"Pseudomonas_chlororaphis_",2.22044604925031e-16,2.22044604925031e-16,2.22044604925031e-16,2.22044604925031e-16,2.22044604925031e-16,1.26623808680566
"Pseudomonas_fluorescens_F113_",0.829067846592549,2.22044604925031e-16,2.22044604925031e-16,2.22044604925031e-16,2.22044604925031e-16,2.22044604925031e-16
"Pseudomonas_fluorescens_HK44_",0.460593248106972,2.22044604925031e-16,2.22044604925031e-16,2.22044604925031e-16,2.22044604925031e-16,2.22044604925031e-16
"Pseudomonas_fluorescens_NCIMB_11764_",0.460593248106972,2.22044604925031e-16,2.22044604925031e-16,2.22044604925031e-16,2.22044604925031e-16,2.22044604925031e-16
"Pseudomonas_fluorescens_NZ007_",0.64483054734976,2.22044604925031e-16,2.22044604925031e-16,2.22044604925031e-16,2.22044604925031e-16,2.22044604925031e-16
"Pseudomonas_fluorescens_Pf0-1_",1.10542379545673,2.22044604925031e-16,2.22044604925031e-16,2.22044604925031e-16,2.22044604925031e-16,2.22044604925031e-16
"Pseudomonas_fluorescens_Q2-87_",1.01330514583534,2.22044604925031e-16,2.22044604925031e-16,2.22044604925031e-16,2.22044604925031e-16,2.22044604925031e-16
"Pseudomonas_fluorescens_SBW25_",1.38177974432091,2.22044604925031e-16,2.22044604925031e-16,2.22044604925031e-16,2.22044604925031e-16,2.22044604925031e-16
"Pseudomonas_luteola_XLDN4-9_",0.362166814262953,2.22044604925031e-16,2.22044604925031e-16,2.22044604925031e-16,0.117318231491884,2.22044604925031e-16
"Pseudomonas_nitroreducens_TX1_",1.28966109469952,2.22044604925031e-16,2.22044604925031e-16,2.22044604925031e-16,2.22044604925031e-16,2.22044604925031e-16
"Pseudomonas_putida_CSV86_",2.11872894129207,2.22044604925031e-16,2.22044604925031e-16,2.22044604925031e-16,2.22044604925031e-16,2.22044604925031e-16
"Pseudomonas_putida_F1_",1.6581356931851,2.22044604925031e-16,2.22044604925031e-16,2.22044604925031e-16,2.22044604925031e-16,2.22044604925031e-16
"Pseudomonas_putida_GB-1_",1.84237299242789,2.22044604925031e-16,2.22044604925031e-16,2.22044604925031e-16,2.22044604925031e-16,2.22044604925031e-16
"Pseudomonas_putida_KT2440_",3.40839003599159,2.22044604925031e-16,2.22044604925031e-16,2.22044604925031e-16,2.22044604925031e-16,2.22044604925031e-16
"Pseudomonas_putida_NBRC_14164_",3.40839003599159,2.22044604925031e-16,2.22044604925031e-16,2.22044604925031e-16,2.22044604925031e-16,2.22044604925031e-16
"Pseudomonas_putida_S16_",2.02661029167068,2.22044604925031e-16,2.22044604925031e-16,2.22044604925031e-16,2.22044604925031e-16,2.22044604925031e-16
"Pseudomonas_putida_W619_",2.02661029167068,2.22044604925031e-16,2.22044604925031e-16,2.22044604925031e-16,2.22044604925031e-16,2.22044604925031e-16
"Pseudomonas_sp._20_BN_",1.10542379545673,2.22044604925031e-16,2.22044604925031e-16,2.22044604925031e-16,2.22044604925031e-16,2.22044604925031e-16
"Pseudomonas_sp._BAY1663_",1.01330514583534,2.22044604925031e-16,2.22044604925031e-16,2.22044604925031e-16,2.22044604925031e-16,2.22044604925031e-16
"Pseudomonas_sp._Chol1_",0.829067846592549,2.22044604925031e-16,2.22044604925031e-16,2.22044604925031e-16,2.22044604925031e-16,2.22044604925031e-16
"Pseudomonas_sp._G5",0.736949196971155,2.22044604925031e-16,2.22044604925031e-16,2.22044604925031e-16,2.22044604925031e-16,2.22044604925031e-16
"Pseudomonas_sp._GM21_",0.829067846592549,2.22044604925031e-16,2.22044604925031e-16,2.22044604925031e-16,2.22044604925031e-16,2.22044604925031e-16
"Pseudomonas_sp._H2_",0.921186496213943,2.22044604925031e-16,2.22044604925031e-16,2.22044604925031e-16,2.22044604925031e-16,2.22044604925031e-16
"Pseudomonas_sp._HYS_",1.19754244507813,2.22044604925031e-16,2.22044604925031e-16,2.22044604925031e-16,2.22044604925031e-16,2.22044604925031e-16
"Pseudomonas_sp._Lz4W_",0.829067846592549,2.22044604925031e-16,2.22044604925031e-16,2.22044604925031e-16,2.22044604925031e-16,2.22044604925031e-16
"Pseudomonas_sp._M1_",1.01330514583534,2.22044604925031e-16,2.22044604925031e-16,2.22044604925031e-16,2.22044604925031e-16,2.22044604925031e-16
"Pseudomonas_sp._M47T1_",0.921186496213943,2.22044604925031e-16,2.22044604925031e-16,2.22044604925031e-16,2.22044604925031e-16,2.22044604925031e-16
"Pseudomonas_sp._RIT357_",1.01330514583534,2.22044604925031e-16,2.22044604925031e-16,2.22044604925031e-16,2.22044604925031e-16,2.22044604925031e-16
"Pseudomonas_sp._UW4_",1.10542379545673,2.22044604925031e-16,2.22044604925031e-16,2.22044604925031e-16,2.22044604925031e-16,2.22044604925031e-16
"Pseudomonas_sp._VLB120_",0.485465016845596,0.207015135683781,2.22044604925031e-16,2.22044604925031e-16,2.22044604925031e-16,2.22044604925031e-16
"Pseudomonas_stutzeri_NF13_",0.368474598485577,2.22044604925031e-16,2.22044604925031e-16,2.22044604925031e-16,2.22044604925031e-16,2.22044604925031e-16
"Pseudomonas_stutzeri_TS44_",0.460593248106972,2.22044604925031e-16,2.22044604925031e-16,2.22044604925031e-16,2.22044604925031e-16,2.22044604925031e-16
"Psychrobacter_sp._1501",0.25160904351543,2.22044604925031e-16,2.22044604925031e-16,2.22044604925031e-16,0.139296525292614,2.22044604925031e-16
"Psychrobacter_sp._JCM_18900_",2.22044604925031e-16,2.22044604925031e-16,2.22044604925031e-16,2.22044604925031e-16,0.329399226577563,2.22044604925031e-16
"Psychrobacter_sp._PRwf-1_",2.22044604925031e-16,2.22044604925031e-16,2.22044604925031e-16,2.22044604925031e-16,0.329399226577563,2.22044604925031e-16
"Rahnella_aquatilis_CIP_78.65_=_ATCC_33071_",1.42852473317539,0.947306074782709,2.22044604925031e-16,2.22044604925031e-16,2.22044604925031e-16,2.22044604925031e-16
"Rahnella_aquatilis_HX2_",0.829067846592549,2.22044604925031e-16,2.22044604925031e-16,2.22044604925031e-16,2.22044604925031e-16,2.22044604925031e-16
"Ralstonia_solanacearum_GMI1000_",2.22044604925031e-16,16.8341799968117,2.22044604925031e-16,2.22044604925031e-16,2.22044604925031e-16,2.22044604925031e-16
"Ralstonia_solanacearum_Po82_",2.22044604925031e-16,13.64933513255,2.22044604925031e-16,2.22044604925031e-16,2.22044604925031e-16,2.22044604925031e-16
"Ralstonia_solanacearum_PSI07_",2.22044604925031e-16,21.6114472932044,2.22044604925031e-16,2.22044604925031e-16,2.22044604925031e-16,2.22044604925031e-16
"Raoultella_ornithinolytica_B6_",3.13203408712741,2.22044604925031e-16,2.22044604925031e-16,2.22044604925031e-16,2.22044604925031e-16,2.22044604925031e-16
"Rhizobium_etli_bv._mimosae_str._IE4771_",2.22044604925031e-16,1.0616149547539,2.22044604925031e-16,2.22044604925031e-16,2.22044604925031e-16,2.22044604925031e-16
"Rhizobium_etli_CFN_42_",2.22044604925031e-16,1.0616149547539,2.22044604925031e-16,2.22044604925031e-16,2.22044604925031e-16,2.22044604925031e-16
"Rhizobium_etli_CIAT_652_",2.22044604925031e-16,2.27488918875835,2.22044604925031e-16,2.22044604925031e-16,2.22044604925031e-16,2.22044604925031e-16
"Rhizobium_gallicum_bv._gallicum_R602sp_",2.22044604925031e-16,1.97157063025723,2.22044604925031e-16,2.22044604925031e-16,2.22044604925031e-16,2.22044604925031e-16
"Rhizobium_grahamii_CCGE_502_",2.22044604925031e-16,2.14043750808683,2.22044604925031e-16,2.22044604925031e-16,2.22044604925031e-16,0.731008815088202
"Rhizobium_leguminosarum_bv._trifolii_CB782_",2.22044604925031e-16,6.74883792664977,2.22044604925031e-16,2.22044604925031e-16,2.22044604925031e-16,2.22044604925031e-16
"Rhizobium_leguminosarum_bv._trifolii_WSM2304_",2.22044604925031e-16,3.18484486426169,2.22044604925031e-16,2.22044604925031e-16,2.22044604925031e-16,2.22044604925031e-16
"Rhizobium_leguminosarum_bv._viciae_3841_",2.22044604925031e-16,4.26474936133743,2.22044604925031e-16,1.48600206675479,0.76810966088151,2.22044604925031e-16
"Rhizobium_tropici_CIAT_899_",2.22044604925031e-16,1.34243094598963,2.22044604925031e-16,2.22044604925031e-16,0.581581960686835,2.22044604925031e-16
"Rhodococcus_erythropolis_PR4_",0.40043932315948,2.22044604925031e-16,2.22044604925031e-16,2.22044604925031e-16,2.59709383457182,2.22044604925031e-16
"Rhodococcus_fascians_",2.22044604925031e-16,2.22044604925031e-16,2.22044604925031e-16,2.22044604925031e-16,0.329399226577563,2.22044604925031e-16
"Rhodococcus_jostii_RHA1_",0.099310482888607,2.22044604925031e-16,2.22044604925031e-16,1.38180562891827e-13,2.22044604925031e-16,0.369985726202933
"Rhodococcus_opacus_",2.22044604925031e-16,0.403706959330462,2.22044604925031e-16,2.22044604925031e-16,2.22044604925031e-16,0.465485889359381
"Rhodococcus_pyridinivorans_SB3094_",2.22044604925031e-16,2.22044604925031e-16,2.22044604925031e-16,2.22044604925031e-16,1.09799742192521,2.22044604925031e-16
"Rhodococcus_rhodochrous_ATCC_21198_",2.22044604925031e-16,2.22044604925031e-16,2.22044604925031e-16,2.22044604925031e-16,0.98819767973269,2.22044604925031e-16
"Rickettsiales_bacterium_Ac37b_",2.22044604925031e-16,2.22044604925031e-16,2.22044604925031e-16,2.22044604925031e-16,0.548998710962606,2.22044604925031e-16
"Roseobacter_denitrificans_OCh_114_",2.22044604925031e-16,2.22044604925031e-16,2.22044604925031e-16,2.22044604925031e-16,2.22044604925031e-16,0.759742852083394
"Roseobacter_litoralis_Och_149_",2.22044604925031e-16,2.22044604925031e-16,2.22044604925031e-16,2.22044604925031e-16,0.203225856452734,0.778625329303351
"Roseovarius_mucosus_DSM_17069_",2.22044604925031e-16,2.22044604925031e-16,2.22044604925031e-16,2.22044604925031e-16,1.20779716411773,2.22044604925031e-16
"Rubrobacter_radiotolerans_",2.22044604925031e-16,2.22044604925031e-16,2.22044604925031e-16,2.22044604925031e-16,0.439198968770085,2.22044604925031e-16
"Ruegeria_pomeroyi_DSS-3_",2.22044604925031e-16,0.835588969621814,2.22044604925031e-16,2.22044604925031e-16,2.22044604925031e-16,1.01054759561054
"Ruegeria_sp._TM1040_",0.220772769012106,2.22044604925031e-16,2.22044604925031e-16,0.385100683942045,2.22044604925031e-16,2.22044604925031e-16
"Salinibacter_ruber_DSM_13855_",0.071629660636916,2.22044604925031e-16,2.22044604925031e-16,2.22044604925031e-16,2.22044604925031e-16,0.281411228441968
"Salmonella_enterica_subsp._enterica_serovar_Typhimurium_",1.64601857281004,2.22044604925031e-16,2.22044604925031e-16,2.22044604925031e-16,2.22044604925031e-16,2.42250823145111
"Saprospira_grandis_str._Lewin_",2.22044604925031e-16,0.530807477376948,2.22044604925031e-16,2.22044604925031e-16,2.22044604925031e-16,2.22044604925031e-16
"Serratia_marcescens_subsp._marcescens_Db11_",3.21702446031271,2.22044604925031e-16,2.22044604925031e-16,2.43249587919834,2.22044604925031e-16,2.22044604925031e-16
"Shewanella_sp._ANA-3_",0.460593248106972,2.22044604925031e-16,2.22044604925031e-16,2.22044604925031e-16,2.22044604925031e-16,2.22044604925031e-16
"Shigella_flexneri_2a_str._301_",2.48720353977765,2.22044604925031e-16,2.22044604925031e-16,2.22044604925031e-16,2.22044604925031e-16,2.22044604925031e-16
"Simkania_negevensis_Z_",2.22044604925031e-16,2.22044604925031e-16,2.22044604925031e-16,2.22044604925031e-16,0.658798453155127,2.22044604925031e-16
"Sinorhizobium_americanum_CCGM7_",2.22044604925031e-16,13.7251647721753,2.22044604925031e-16,2.22044604925031e-16,2.22044604925031e-16,2.22044604925031e-16
"Sinorhizobium_fredii_HH103_",2.22044604925031e-16,3.33650414351224,2.22044604925031e-16,2.22044604925031e-16,2.22044604925031e-16,2.22044604925031e-16
"Sinorhizobium_fredii_NGR234_",2.22044604925031e-16,3.79148198126391,2.22044604925031e-16,2.22044604925031e-16,2.22044604925031e-16,2.22044604925031e-16
"Sinorhizobium_fredii_USDA_257_",2.22044604925031e-16,5.53556369264531,2.22044604925031e-16,2.22044604925031e-16,2.22044604925031e-16,2.22044604925031e-16
"Sinorhizobium_medicae_WSM419_",0.137960535683609,2.16132371915588,2.22044604925031e-16,2.22044604925031e-16,2.22044604925031e-16,2.22044604925031e-16
"Sinorhizobium_meliloti_1021_",2.22044604925031e-16,11.0711273852906,2.22044604925031e-16,2.22044604925031e-16,2.22044604925031e-16,2.22044604925031e-16
"Sinorhizobium_sp._CCBAU_05631_",2.22044604925031e-16,2.88152630576057,2.22044604925031e-16,2.22044604925031e-16,2.22044604925031e-16,2.22044604925031e-16
"Sphingobium_herbicidovorans_NBRC_16415_",2.22044604925031e-16,0.636178665632722,2.22044604925031e-16,2.22044604925031e-16,1.27482135786211,2.22044604925031e-16
"Sphingobium_japonicum_UT26S_",2.22044604925031e-16,0.379148198126391,2.22044604925031e-16,2.22044604925031e-16,2.22044604925031e-16,2.22044604925031e-16
"Sphingobium_sp._SYK-6_",0.0455517374604178,2.22044604925031e-16,2.22044604925031e-16,2.22044604925031e-16,0.714303337030341,2.22044604925031e-16
"Sphingobium_xenophagum_QYY_",0.186919033416673,0.290389090170195,2.22044604925031e-16,2.22044604925031e-16,2.22044604925031e-16,0.27115159694381
"Sphingobium_yanoikuyae_",0.713042146231786,1.52801133470492,2.22044604925031e-16,2.22044604925031e-16,1.54915830717,2.22044604925031e-16
"Sphingomonas_sanxanigenens_DSM_19645_=_NX02_",2.22044604925031e-16,0.379148198126391,2.22044604925031e-16,2.22044604925031e-16,2.22044604925031e-16,2.22044604925031e-16
"Stanieria_cyanosphaera_PCC_7437_",2.22044604925031e-16,2.22044604925031e-16,2.22044604925031e-16,2.22044604925031e-16,0.329399226577563,2.22044604925031e-16
"Staphylococcus_aureus_",2.22044604925031e-16,2.22044604925031e-16,2.22044604925031e-16,2.22044604925031e-16,2.89764763948545,8.68762209946603
"Staphylococcus_capitis_C87_",2.22044604925031e-16,2.22044604925031e-16,2.22044604925031e-16,2.22044604925031e-16,2.22044604925031e-16,1.39286189548622
"Staphylococcus_caprae_M23864:W1_",0.478024166452678,2.22044604925031e-16,2.22044604925031e-16,2.22044604925031e-16,2.22044604925031e-16,0.482535164977377
"Staphylococcus_chromogenes_MU_970_",0.104249790543185,2.22044604925031e-16,2.22044604925031e-16,2.22044604925031e-16,0.644338882251861,2.22044604925031e-16
"Staphylococcus_epidermidis_ATCC_12228_",0.297766428163279,2.22044604925031e-16,2.22044604925031e-16,2.22044604925031e-16,0.962677710465652,2.22044604925031e-16
"Staphylococcus_epidermidis_RP62A_",0.219888886134132,2.22044604925031e-16,2.22044604925031e-16,2.22044604925031e-16,1.05550293177026,2.22044604925031e-16
"Staphylococcus_equorum_subsp._equorum_Mu2_",2.22044604925031e-16,2.22044604925031e-16,2.22044604925031e-16,2.22044604925031e-16,0.98819767973269,2.22044604925031e-16
"Staphylococcus_haemolyticus_JCSC1435_",0.136279367222316,2.22044604925031e-16,2.22044604925031e-16,2.22044604925031e-16,0.276762378039873,2.22044604925031e-16
"Staphylococcus_hominis_subsp._hominis_C80_",0.21607729162276,2.22044604925031e-16,2.22044604925031e-16,2.22044604925031e-16,2.22044604925031e-16,0.336105032156395
"Staphylococcus_saprophyticus_subsp._saprophyticus_ATCC_15305_",0.176704732947875,2.22044604925031e-16,2.22044604925031e-16,2.22044604925031e-16,1.10697577582672,2.22044604925031e-16
"Staphylococcus_simulans_UMC-CNS-990_",2.22044604925031e-16,2.22044604925031e-16,2.22044604925031e-16,2.22044604925031e-16,0.329399226577563,0.253247617361131
"Staphylococcus_warneri_L37603_",2.22044604925031e-16,2.22044604925031e-16,2.22044604925031e-16,2.22044604925031e-16,2.22044604925031e-16,1.13961427812509
"Staphylococcus_warneri_SG1_",0.09893009003924,2.22044604925031e-16,2.22044604925031e-16,2.22044604925031e-16,2.22044604925031e-16,1.00362764734658
"Staphylococcus_xylosus_",0.460593248106972,2.22044604925031e-16,2.22044604925031e-16,2.22044604925031e-16,2.22044604925031e-16,2.22044604925031e-16
"Streptococcus_dysgalactiae_subsp._dysgalactiae_ATCC_27957_",2.22044604925031e-16,2.22044604925031e-16,2.22044604925031e-16,2.22044604925031e-16,2.22044604925031e-16,0.379871426041697
"Streptococcus_dysgalactiae_subsp._equisimilis_AC-2713_",2.22044604925031e-16,2.22044604925031e-16,2.22044604925031e-16,2.22044604925031e-16,2.22044604925031e-16,0.379871426041697
"Streptococcus_salivarius_57.I_",0.276355948864183,2.22044604925031e-16,2.22044604925031e-16,2.22044604925031e-16,2.22044604925031e-16,2.22044604925031e-16
"Streptomyces_cattleya_NRRL_8057_=_DSM_46488_",2.22044604925031e-16,0.449012905524949,2.22044604925031e-16,2.22044604925031e-16,0.777235293241377,2.22044604925031e-16
"Streptomyces_clavuligerus_ATCC_27064_",2.22044604925031e-16,0.685550425008735,2.22044604925031e-16,0.103133607512331,0.409169145987841,2.22044604925031e-16
"Streptomyces_griseofuscus_",2.22044604925031e-16,2.22044604925031e-16,2.22044604925031e-16,2.22044604925031e-16,0.329399226577563,2.22044604925031e-16
"Streptomyces_sp._Mg1_",2.22044604925031e-16,0.181110596000423,2.22044604925031e-16,2.22044604925031e-16,0.14687743913274,0.1613095310587
"Streptomyces_violaceusniger_Tu_4113_",2.22044604925031e-16,2.22044604925031e-16,2.22044604925031e-16,0.167311893733357,0.109799742192521,2.22044604925031e-16
"Sulfitobacter_guttiformis_KCTC_32187_",2.22044604925031e-16,0.174535546339294,2.22044604925031e-16,2.22044604925031e-16,2.22044604925031e-16,1.10141443857048
"Sulfuricella_denitrificans_skB26_",0.0515953381629246,2.22044604925031e-16,2.22044604925031e-16,2.22044604925031e-16,2.22044604925031e-16,0.30894986721292
"Synechococcus_sp._PCC_7002_",2.22044604925031e-16,2.22044604925031e-16,2.22044604925031e-16,2.22044604925031e-16,0.478172091856143,0.334926645819168
"Synechocystis_sp._PCC_6714_",2.22044604925031e-16,2.22044604925031e-16,2.22044604925031e-16,2.22044604925031e-16,0.658798453155127,2.22044604925031e-16
"Tetragenococcus_halophilus_NBRC_12172_",2.22044604925031e-16,2.22044604925031e-16,2.22044604925031e-16,2.22044604925031e-16,2.22044604925031e-16,0.379871426041697
"Thermomicrobium_roseum_DSM_5159_",2.22044604925031e-16,2.22044604925031e-16,2.22044604925031e-16,2.22044604925031e-16,2.22044604925031e-16,5.69807139062546
"Thermovirga_lienii_DSM_17291_",2.22044604925031e-16,2.22044604925031e-16,2.22044604925031e-16,2.22044604925031e-16,2.22044604925031e-16,0.379871426041697
"Thermus_thermophilus_HB27_",0.0748859542626755,2.22044604925031e-16,2.22044604925031e-16,2.22044604925031e-16,0.30111072716345,0.182934411451367
"Thioalkalivibrio_sp._K90mix_",2.22044604925031e-16,2.22044604925031e-16,2.22044604925031e-16,2.22044604925031e-16,0.114339179758798,0.248012624432808
"Tistrella_mobilis_KA081020-065_",2.22044604925031e-16,2.22044604925031e-16,2.22044604925031e-16,2.22044604925031e-16,0.70278169051997,1.97525836958217
"Vibrio_alginolyticus_40B_",1.47389839394231,2.22044604925031e-16,2.22044604925031e-16,2.22044604925031e-16,2.22044604925031e-16,2.22044604925031e-16
"Vibrio_alginolyticus_NBRC_15630_=_ATCC_17749_",1.28966109469952,2.22044604925031e-16,2.22044604925031e-16,2.22044604925031e-16,2.22044604925031e-16,2.22044604925031e-16
"Vibrio_anguillarum_",0.149581920832283,2.22044604925031e-16,2.22044604925031e-16,0.209366387029276,0.205709373576584,2.22044604925031e-16
"Vibrio_breoganii_1C10_",0.258980137416725,2.22044604925031e-16,2.22044604925031e-16,2.22044604925031e-16,2.22044604925031e-16,0.277131938651503
"Vibrio_cholerae_O1_biovar_El_Tor_str._N16961_",0.921186496213943,2.22044604925031e-16,2.22044604925031e-16,2.22044604925031e-16,2.22044604925031e-16,2.22044604925031e-16
"Vibrio_cholerae_O395_",1.19754244507813,2.22044604925031e-16,2.22044604925031e-16,2.22044604925031e-16,2.22044604925031e-16,2.22044604925031e-16
"Vibrio_coralliilyticus_ATCC_BAA-450_",2.22044604925031e-16,2.22044604925031e-16,2.22044604925031e-16,2.22044604925031e-16,2.22044604925031e-16,1.13961427812509
"Vibrio_nigripulchritudo_SOn1_",2.22044604925031e-16,2.22044604925031e-16,2.22044604925031e-16,2.22044604925031e-16,1.75679587508034,2.22044604925031e-16
"Vibrio_tubiashii_ATCC_19109_",0.269599430276629,2.22044604925031e-16,2.22044604925031e-16,0.0897917615175355,2.22044604925031e-16,2.22044604925031e-16
"Vibrio_vulnificus_",0.242463813080398,2.22044604925031e-16,2.22044604925031e-16,2.22044604925031e-16,0.150197075270114,2.22044604925031e-16
"Virgibacillus_halodenitrificans_1806_",2.22044604925031e-16,2.22044604925031e-16,2.22044604925031e-16,2.22044604925031e-16,0.658798453155127,2.22044604925031e-16
"Weissella_hellenica_",2.22044604925031e-16,2.22044604925031e-16,2.22044604925031e-16,2.22044604925031e-16,2.22044604925031e-16,0.379871426041697
"Xanthomonas_albilineans_GPE_PC73_",2.22044604925031e-16,2.22044604925031e-16,2.22044604925031e-16,2.22044604925031e-16,0.439198968770085,2.22044604925031e-16
"Xanthomonas_fragariae_LMG_25863_",2.22044604925031e-16,2.22044604925031e-16,2.22044604925031e-16,2.22044604925031e-16,0.439198968770085,2.22044604925031e-16
"Xanthomonas_vesicatoria_ATCC_35937_",0.368474598485577,2.22044604925031e-16,2.22044604925031e-16,2.22044604925031e-16,2.22044604925031e-16,2.22044604925031e-16
"Yersinia_enterocolitica_LC20_",0.157293400408515,2.22044604925031e-16,2.22044604925031e-16,2.22044604925031e-16,2.22044604925031e-16,0.416907781927522
"Yersinia_enterocolitica_subsp._enterocolitica_8081_",0.464739876371252,2.22044604925031e-16,2.22044604925031e-16,2.22044604925031e-16,2.22044604925031e-16,0.50079539146399
"Yersinia_massiliensis_CCUG_53443_",0.368474598485577,2.22044604925031e-16,2.22044604925031e-16,2.22044604925031e-16,2.22044604925031e-16,2.22044604925031e-16
"Yersinia_pestis_CO92_",2.22044604925031e-16,2.22044604925031e-16,2.22044604925031e-16,2.22044604925031e-16,2.22044604925031e-16,0.88636666076396
"Yersinia_pseudotuberculosis_",0.460593248106972,2.22044604925031e-16,2.22044604925031e-16,2.22044604925031e-16,2.22044604925031e-16,2.22044604925031e-16
"Yersinia_ruckeri_",0.276355948864183,2.22044604925031e-16,2.22044604925031e-16,2.22044604925031e-16,2.22044604925031e-16,2.22044604925031e-16
