"","X1","X2","X3","X4","X5","X6","X7"
"[Eubacterium]_eligens_ATCC_27750_",51.0029282274525,46680.4871223508,185.363298453863,11173.5993563848,11190.5366205192,823.217915218819,13866.85377174
"Acaryochloris_marina_MBIC11017_",494.366402178644,33148.7196312009,711.801325008874,3770.09777130086,9844.83061492201,96694.0509272013,459.544851481892
"Acetobacter_pasteurianus_3P3_",468.506387350698,39765.7644839314,106.976050710769,121.659179200336,5479.94866441503,22765.4837060804,94.5432026735272
"Acetobacter_pasteurianus_IFO_3283-01_",540.304523055882,39695.6378961272,111.847451347485,0.000338099910907206,4301.44171928367,16526.9073057454,84.4899715843501
"Achromobacter_xylosoxidans_A8_",553.647079901368,45074.9657634545,107.221850818294,376.074268339745,3300.54702644278,852.270635630084,66.5476523393461
"Achromobacter_xylosoxidans_NBRC_15126_=_ATCC_27061_",560.629751757441,38625.3574260483,107.061345813965,136.035184030921,4568.26168940059,17358.8022926672,45.0037042615693
"Acidiphilium_cryptum_JF-5_",586.845977423502,42242.7650850385,110.637940633767,1794.5050664321,3914.80784150653,222.616259151905,48.4617410564308
"Acidithiobacillus_caldus_ATCC_51756_",534.389266385792,43574.7567388485,120.749555034653,4760.74979662107,3049.46320352135,818.110220920026,41.4596413065074
"Acidithiobacillus_ferrooxidans_ATCC_23270_",611.952039259306,41387.8212052624,111.029132219841,439.41026803638,4364.34067350253,436.326816446717,64.6298205941334
"Acidithiobacillus_ferrooxidans_ATCC_53993_",612.671179549232,41338.4044898865,111.136055294394,442.210670803369,4387.34362366326,417.871161871493,64.7250853709526
"Acinetobacter_baumannii_",2.22044604925031e-16,28090.5216685141,527.335157101549,319538.172631735,93691.7005672334,21577.7317370544,20495.7980667456
"Acinetobacter_bereziniae_",831.101208492466,38000.456659062,106.42276549021,166.585715321186,5200.22585556829,15314.3080242343,2.22044604925031e-16
"Acinetobacter_haemolyticus_MTCC_9819_",482.522337148347,44369.6403251534,101.49798605465,91.4805955689063,3107.11318093371,13981.9695102481,47.7507705760008
"Acinetobacter_indicus_CIP_110367_",392.447641859136,40133.3887099043,102.609659743556,8872.10210281769,3863.93874896195,12464.8722520402,14497.6585827769
"Acinetobacter_johnsonii_SH046_",496.450909260216,42204.6482070818,100.587954826018,6023.88186768517,2806.99536979747,15417.7846111297,0.00464647683158535
"Acinetobacter_junii_",613.744987997416,40977.142032952,111.846626896491,460.580769097624,4651.38905506744,277.926912360095,65.563445148341
"Acinetobacter_lwoffii_NCTC_5866_=_CIP_64.10_",839.911125570978,39727.5166584434,104.450530444019,121.339286540118,3288.45025753527,33407.5002227905,2.64346770633687e-12
"Acinetobacter_lwoffii_SH145_",625.141121472324,40559.2041392777,102.31615052615,509.961173769489,3050.67108058248,36323.3409911768,100.681050382916
"Acinetobacter_lwoffii_WJ10621_",612.562293395718,41403.6067176732,106.669300925378,210.410365793758,3712.60635046331,16192.2297786212,1.15560994354532
"Acinetobacter_radioresistens_SH164_",544.021033319195,41891.0043034171,110.846504166027,6493.67788733706,2877.22061801684,6862.50380204616,0.000773667958667515
"Acinetobacter_soli_",611.155598964484,41491.7404939861,111.676491991173,445.094153463104,4407.80228088175,238.522684890511,64.9022242356779
"Acinetobacter_sp._ADP1_",578.890254758153,43317.3764221461,108.207298093026,354.026773967064,3885.28640518439,506.670729709454,62.1434896972166
"Acinetobacter_sp._ANC_3789_",572.526835983979,43595.8196205352,107.574995281843,338.829594968485,3808.58945439074,625.86493566323,61.9315894230373
"Acinetobacter_sp._ANC_3862_",568.591253977978,43794.219324426,107.219409460331,329.917490120092,3751.48576153476,689.236949875405,61.8406947489109
"Acinetobacter_sp._ANC_4105_",572.515574677281,43618.8269380301,107.580915381173,338.853148814315,3800.82663813867,612.178683929393,61.9190219919812
"Acinetobacter_sp._ATCC_27244_",577.567535091361,43557.7265167678,108.184968450044,353.256902483658,3805.74248641814,428.489035498044,61.9798348694283
"Acinetobacter_sp._CIP_102129_",578.165310174716,43276.513803084,108.086817280392,351.885578820648,3901.85724577157,562.291563587926,62.1214081007881
"Acinetobacter_sp._CIP_56.2_",573.117272271377,43634.1748268148,107.651137446032,340.286460141411,3793.80297250423,575.821865730654,61.9058810965872
"Acinetobacter_sp._CIP-A165_",573.751826019794,43581.0024703928,107.702512470396,341.695631086669,3810.13075476794,578.955849223939,61.9339596076942
"Acinetobacter_sp._HR7_",571.109734036292,43604.1335265311,107.42830388182,335.380436908116,3809.01112243995,689.482875076422,61.924076206037
"Acinetobacter_sp._NIPH_2100_",574.57794162383,43555.5474687877,107.784560321573,343.58031584357,3816.24836704835,557.61642883848,61.9429727372159
"Acinetobacter_sp._NIPH_758_",572.895107659282,43674.5696277357,107.6407827805,339.820362684484,3780.58413515934,562.091297053843,61.8827844745902
"Acinetobacter_sp._NIPH_809_",570.625059861338,43755.5015571352,107.421740665203,334.69981582401,3759.74492703889,615.696543024886,61.8563571226698
"Acinetobacter_sp._NIPH_899_",573.328804072453,43616.4552681762,107.66823912573,340.754650596179,3799.23941571339,576.863618960557,61.9150613461777
"Acinetobacter_sp._RUH2624_",565.057751441398,44496.2877265908,107.411067219802,447.583648870669,3503.27940736,369.695430201889,60.8306484959158
"Acinetobacter_sp._Ver3_",578.32025791428,43416.5637183819,108.155411844539,352.039824751869,3850.96543115498,480.143290819833,61.9967542473322
"Acinetobacter_towneri_",805.100502575781,38434.5271406128,106.390103135792,173.747222590881,5094.70208269198,13754.2771706142,2.22044604925031e-16
"Acinetobacter_ursingii_DSM_16037_=_CIP_107286_",634.496359422303,41783.4018830877,110.703685583587,598.069962151971,4273.96801331598,283.78885808624,65.2059651793654
"Actinobacillus_pleuropneumoniae_serovar_1_str._4074_",603.544860398497,41286.5279254379,111.016339432395,440.478538256225,4656.61867055201,328.328064983067,65.0903171881377
"Actinobacillus_pleuropneumoniae_serovar_5b_str._L20_",615.170945481558,41186.5766025655,111.810029513266,461.457729322676,4491.14330727587,271.925279937446,65.059415530483
"Advenella_mimigardefordensis_DPN7_",189.239967600083,43406.5821714406,97.5676302351942,870.107892717693,13678.8407654746,484.761791536602,127.524440333618
"Aeromonas_hydrophila_subsp._hydrophila_ATCC_7966_",500.245542853917,40288.7955532526,102.31962445805,2.22044604925031e-16,3863.46549448996,33692.5422041128,23.7159095097543
"Aeromonas_hydrophila_YL17_",537.404546225857,38738.3229856708,106.827162202159,1.13173184038588e-09,5032.00849142849,21428.4340236119,37.1782112747925
"Aeromonas_salmonicida_subsp._salmonicida_A449_",526.053013516553,40032.2967032568,109.448332380726,1.67122643695944e-06,4259.78408164079,19098.1906110516,50.5117866356166
"Aeromonas_veronii_B565_",527.446719305005,41878.8144441406,22707.7382504823,175.768088616083,2829.37809786704,10852.55937084,264.558111009789
"Agrobacterium_fabrum_str._C58_",517.464185034042,43084.6042063312,99.9397765682868,52301.424210181,1522.76346766438,403.566097896516,1469.95240475828
"Agrobacterium_radiobacter_K84_",509.276951158228,39772.2120686313,98.1816430103644,35682.2329091971,2051.08733710036,16904.7892726772,2.22044604925031e-16
"Agrobacterium_rhizogenes_",376.350483717401,43560.229298311,95.8179475320698,50437.4586259161,2341.31547638069,337.571388435055,64.9107972258632
"Agrobacterium_sp._H13-3_",667.170692753285,44592.333081658,106.64650105339,1631.19382055206,3076.92553984127,484.555882586637,5.88838774993436e-11
"Agrobacterium_tumefaciens_CCNWGS0286_",367.379378818287,31300.8718713469,199.314538016023,93498.589895739,4298.56905493575,54041.1190530526,28.7658941938139
"Agrobacterium_tumefaciens_str._Cherry_2E-2-2_",572.65162542306,26205.1333598836,237.660558029493,160489.307720583,5249.61408764036,62524.5976962912,2.22044604925031e-16
"Agrobacterium_vitis_S4_",237.763105856478,41999.7390340152,91.9247134074745,101782.473000922,5593.63565431602,5.98162329655008,11553.2886900046
"Alcaligenes_faecalis_",593.693299256871,39515.0151114987,107.508205130386,104.008852707786,3480.55772455119,15076.6940316348,42.4248967008863
"Alicycliphilus_denitrificans_BC_",592.521794712106,42643.7576483749,109.49863454684,388.502775509234,4053.29290898145,370.253415512758,62.6540840276972
"Aliivibrio_salmonicida_LFI1238_",548.327075586835,42715.921319163,136.883886565839,242.279597875691,4514.90885793267,2908.81974198024,78.5162080702358
"Allochromatium_vinosum_DSM_180_",616.848464600507,41068.941170147,112.107487090415,461.211928644961,4545.81281829385,240.286572892667,65.4046183399067
"Alteromonas_macleodii_str._'Black_Sea_11'_",613.869841202222,41237.7404751135,112.23531841674,484.018702741082,4453.08012258332,445.837415329723,69.0275432023917
"Alteromonas_macleodii_str._'Deep_ecotype'_",609.59773937849,41512.6910642043,112.162713941076,488.163432326334,4329.21282041476,618.232428701833,70.8449526162966
"Anabaena_cylindrica_PCC_7122_",554.403445990965,42650.8520702894,108.894087703695,351.328973616133,4814.06736607956,171.839443523449,105.141012750613
"Aromatoleum_aromaticum_EbN1_",447.319934954151,49114.1972425768,104.023167506432,1439.98480026705,2553.97475371921,1742.74267599241,58.8198393507269
"Arthrobacter_sp._FB24_",568.658544224473,41167.2848214939,115.101143639458,3657.37398439,4122.80979300066,699.65512700452,36.4589357347316
"Asticcacaulis_excentricus_CB_48_",535.309445410792,40630.82245457,108.523166354335,2510.31471532383,5815.91428018363,144.127146777844,51.0575526171053
"Azoarcus_sp._KH32C_",278.231578866374,36197.7310798139,110.922122858611,12469.4640817841,1501.89800514311,152626.812946482,142.635101642444
"Bacillus_amyloliquefaciens_subsp._plantarum_str._FZB42_",527.038367531768,41255.1009731625,106.108765621296,401.650784667191,5516.64275860343,3169.18173905043,62.9519728145363
"Bacillus_anthracis_str._Ames_",595.791562087844,42432.9028587839,122.552966800139,444.665899739821,4081.59582968523,533.010597835495,68.6676112335638
"Bacillus_anthracis_str._Sterne_",603.857409378152,41044.4664349922,116.094085547356,460.512399816169,4550.89224071832,241.40411762751,117.119501762435
"Bacillus_cereus_",1388.29996651821,78310.2072286044,141.009439214112,1328.26744366962,17827.9077157622,13858.9155636519,2.22044604925031e-16
"Bacillus_cytotoxicus_NVH_391-98_",614.7647125824,41178.2484740599,112.255084905921,482.982174703471,4478.72308017732,414.915963420127,68.6353579593382
"Bacillus_licheniformis_DSM_13_=_ATCC_14580_",370.937147467534,47087.633795115,99.2163077226976,2.22044604925031e-16,2718.04260452589,29471.3374467803,51.7767746081799
"Bacillus_methanolicus_MGA3_",552.304063379178,40797.5649194489,193.970655335018,7517.39212902692,2806.63692518805,5806.17889201424,0.00193322507119706
"Bacillus_mycoides_",287.419671793641,47281.5565319953,126.90159513664,10437.9819529041,10350.8864722247,529.174669457162,71.8616747178636
"Bacillus_subtilis_subsp._subtilis_str._168_",2.22044604925031e-16,95136.5429117078,97.1387530525773,4.04288265166219,1685.35744587704,9784.45327051713,138.094189849975
"Bacteroides_fragilis_3_1_12_",447.092852029758,51375.2844119357,100.394099501784,78.5699445906378,1148.9763422313,5637.8885405332,70.5259222069542
"Bacteroides_fragilis_NCTC_9343_",563.297374462534,45210.1355438304,108.657711231863,341.256201481216,3290.16594848167,168.936336843059,62.8998595797826
"Bacteroides_ovatus_ATCC_8483_",568.640566550917,44941.2076576238,108.162531246796,331.017845837161,3342.46298084485,166.085037338347,61.7778562653292
"Bacteroides_uniformis_ATCC_8492_",478.337038449269,51144.5397540682,102.55858452248,228.860222730234,1974.79643825609,163.336902365247,70.6988570438772
"Bartonella_grahamii_as4aup_",589.613888090369,42584.1729686996,109.486578575008,1105.78219812008,3874.16748706465,302.945394005846,55.1695106188738
"Beijerinckia_indica_subsp._indica_ATCC_9039_",634.193232173675,41622.1413034862,2453.98171405449,817.289117397247,4077.39237347827,355.716866474551,56.5329540108609
"Bibersteinia_trehalosi_USDA-ARS-USMARC-189_",615.597150646785,41156.2263652192,112.029942700303,458.533125423084,4518.11789823426,240.157130316351,65.3349424022153
"Bifidobacterium_breve_UCC2003_",466.109292316677,42601.7533056855,136.866630093107,220.732409864504,6539.14338595029,1539.52012672651,71.8901761381518
"Borrelia_hermsii_HS1_",582.177409083071,41846.3888124268,109.009972807191,380.2520962054,4654.36849861208,635.824451824891,64.0452151207901
"Brachyspira_hyodysenteriae_WA1_",594.436581817329,41766.2782513232,110.516094759248,470.565459625165,4558.61308552819,276.893672878811,63.9606289382664
"Bradyrhizobium_sp._BTAi1_",578.379738671424,45439.4832936314,46176.9876359331,13857.9502656155,361.558455818247,2.86280934860168e-09,2.22044604925031e-16
"Brevibacillus_laterosporus_DSM_25_",61.2894701037867,53543.998898658,85.3588060218856,14977.8354004452,4039.5977584611,786.002242226841,20957.4308057163
"Brevibacillus_laterosporus_LMG_15441_",330.550174864726,48338.9720941703,95.7935232714138,2625.22922401756,3142.34326422067,487.304256401422,10620.5954902742
"Buchnera_aphidicola_BCc_",1435.38237183812,40768.6978331195,106.64993106616,382.450533088637,6604.71937680917,257.424457358053,2.22044604925031e-16
"Buchnera_aphidicola_str._Bp_",1424.3355412894,40766.0983384356,106.416759012461,373.442778293899,6768.05399270765,267.511034769552,2.22044604925031e-16
"Buchnera_aphidicola_str._G002_",1138.47992072022,41070.178241927,106.360713183533,439.200646009211,6701.36064574877,298.020289820714,2.22044604925031e-16
"Burkholderia_cenocepacia_J2315_",299.147907055885,43810.5879703264,97.2551503382036,28584.084204927,4509.99848594246,34.0647247990463,83.3626765726898
"Burkholderia_cepacia_",415.037343462252,42270.6861639917,89.7189163078991,54134.6354696136,7287.33176664611,3521.97291078077,2.22044604925031e-16
"Burkholderia_gladioli_BSR3_",1185.15908014702,44820.1297796443,106.393206392922,359.854421207568,3908.0879581413,1327.0686981091,2.22044604925031e-16
"Burkholderia_glumae_BGR1_",5090.41144331381,43254.2888744859,98.2734495520107,6577.01076893973,9602.25251458931,5.95548484372265e-05,2.22044604925031e-16
"Burkholderia_multivorans_ATCC_17616_",1291.6111751436,48290.9772210327,93.5467571697785,19643.6145825752,3957.00821014897,2105.77414488772,2.22044604925031e-16
"Burkholderia_pseudomallei_ABCPW_111_",989.576644068866,39403.3397617506,96.7185513481577,10255.4808101979,2801.24045713439,30582.6187169219,9956.87163119259
"Burkholderia_pseudomallei_K96243_",1724.34745989462,37282.2475493387,99.8039578811489,3506.58558826572,4532.34535460512,34136.9577771363,5889.47274898882
"Burkholderia_vietnamiensis_G4_",612.523991450062,41325.9907951301,112.208632222215,485.471723524245,4414.30720956047,495.579825568075,69.610472880588
"Butyrivibrio_proteoclasticus_B316_",615.622068175525,41126.3902968945,112.239364246541,478.781648987544,4505.77632184776,363.443929886455,67.8636063173064
"Calditerrivibrio_nitroreducens_DSM_19672_",695.670081864895,41101.3531485338,114.924948635172,458.372200302718,4508.55288389629,239.27607588617,24.43967320676
"Campylobacter_coli_76339_",584.094838919338,41598.4440129462,109.201977631349,462.243858702729,4671.36877048937,788.559809430298,64.0782161546452
"Campylobacter_fetus_subsp._fetus_82-40_",588.66500949969,40993.7699320145,109.556590871692,489.236866771624,4898.11389467037,930.558501859386,64.6060431283545
"Campylobacter_fetus_subsp._testudinum_03-427_",566.640262871528,41589.0306680649,107.855356785701,412.848644047222,4857.84847879534,1453.73608328721,63.2539346043869
"Campylobacter_jejuni_subsp._jejuni_414_",826.012465979965,46785.5200328302,97.0975994387071,59.638934138043,11246.9537310316,1.74084669699751e-07,2.22044604925031e-16
"Campylobacter_jejuni_subsp._jejuni_81-176_",4063.486705684,55626.4090511819,119.936629880943,404.621882169965,7315.70347694432,0.00463840040800754,2.22044604925031e-16
"Campylobacter_jejuni_subsp._jejuni_NCTC_11168_=_ATCC_700819_",6940.00478404754,56377.053349405,113.009024879371,199.921793438517,8317.09739129598,2.22044604925031e-16,2.22044604925031e-16
"Candidatus_Riesia_pediculicola_USDA_",572.641154995997,40896.4180548752,110.117424934872,832.609611183441,5441.36243227041,238.433456299725,62.8678133858466
"Carnobacterium_maltaromaticum_LMA28_",553.450964750431,43692.7599088467,110.243646772937,325.132750122314,4221.9284036342,677.087674171872,60.7612240429535
"Chroococcidiopsis_thermalis_PCC_7203_",596.788364362538,42745.1577959416,110.200755906629,392.745988942202,3987.97646976289,202.273462040613,62.2834565096262
"Citrobacter_amalonaticus_",345.525266593212,40166.4708582588,101.383156409762,2.22044604925031e-16,9959.88403361512,9079.2823263273,88.381230229854
"Citrobacter_rodentium_ICC168_",543.51766841557,40417.4435127018,108.687093448511,364.399139755413,6451.0595788236,708.855807482178,71.2806886265814
"Clavibacter_michiganensis_subsp._michiganensis_NCPPB_382_",582.795218574542,41170.8564561119,110.657949182317,620.356343822904,5161.50710973573,189.928762627451,63.9339211805875
"Clostridium_acetobutylicum_ATCC_824_",600.005429602483,41114.4006194332,111.123143275025,453.263153317242,4855.77594712277,287.467831170002,65.549069919664
"Clostridium_baratii_str._Sullivan_",599.161505625115,42551.3351832196,110.406961357125,399.587648077322,4049.71610092284,206.145943982637,62.526407662887
"Clostridium_botulinum_202F_",438.670222069892,50542.0678224658,107.171522588995,756.179035250566,728.835311888125,11967.7552702254,58.3834013577028
"Clostridium_botulinum_A2_str._Kyoto_",508.731453706749,47847.9027555335,105.520817695767,131.381452797772,1726.50358142916,17523.9748699593,0.00048288817841383
"Clostridium_botulinum_BKT015925_",529.279168872766,43155.0866758055,104.54648992894,269.265835763942,2705.17512166601,15589.7202250739,57.7637059727213
"Clostridium_botulinum_C-D_str._BKT12695_",547.630220851282,45973.5124085709,107.848777243915,893.765894141979,2818.15527408932,798.582997690087,66.0941071095481
"Clostridium_botulinum_D_str._1873_",531.491897099881,43153.0571803853,105.483320381911,345.881392549953,2876.6151477138,11736.9878620718,43.5384280373621
"Clostridium_botulinum_E1_str._'BoNT_E_Beluga'_",471.344524622715,50169.1583527264,107.05545214008,364.334348327403,1010.04111530539,15204.1903686143,36.9661055325882
"Clostridium_botulinum_NCTC_2916_",433.633994339308,54145.0042385011,109.790488829962,572.29154597413,1587.16495792686,4109.73539477549,42.4593247199456
"Clostridium_butyricum_E4_str._BoNT_E_BL5262_",851.026021758366,54048.1471305444,137.474247490504,2945.49099369366,593.650708595745,32963.9739065026,152.879307831602
"Clostridium_novyi_B_str._NCTC_9691_",600.783823198497,42051.7446251136,119.931444090639,662.016490234078,4091.95542086735,417.397131501103,60.6668217785973
"Clostridium_perfringens_ATCC_13124_",99.1890842675206,41705.6316852105,231.239567080641,22482.9329170362,9834.93691979573,17693.8706232091,163.177413842691
"Clostridium_tyrobutyricum_DSM_2637_=_ATCC_25755_=_JCM_11008_",616.71539873356,41063.9976968975,112.029938525323,461.177346020984,4540.63140418016,261.925290031584,65.4688895948944
"Comamonas_testosteroni_CNB-2_",500.216602693413,40646.3856857946,105.844995819162,261.981931417058,6658.67592314021,3064.75635034234,69.302855061107
"Comamonas_testosteroni_KF-1_",471.903048671108,43007.0653212806,102.898814869351,167.897887398285,5614.32570288763,3727.70858215783,64.4343188541643
"Conchiformibius_steedae_DSM_2580_",600.447415319686,40804.6898183882,110.769354365735,2303.35645271298,4323.34511074879,221.585599549607,46.0127051507772
"Corynebacterium_striatum_ATCC_6940_",606.904643068999,41829.7901015848,111.346561223142,431.221106762939,4300.32048564814,225.809517298952,64.4176959195188
"Coxiella_burnetii_RSA_493_",609.327072468209,41633.9008522843,111.552741593835,439.812483174593,4363.71400352218,231.55592459686,64.7162325597179
"Criblamydia_sequanensis_CRIB-18_",588.194351989656,41220.6157297698,110.624702580761,416.194527519249,5058.78360081371,287.86208081493,66.2746414088157
"Cronobacter_condimenti_1330_",738.326345180839,41068.5312229863,111.372133287762,649.312793849977,4594.79317084275,242.339396420405,7.78016678748347e-10
"Cupriavidus_metallidurans_CH34_",91365.7866650532,33645.7588126619,93.6893668403896,311860.662217281,4983.18698007576,1277.15187545282,5365.01321872731
"Cupriavidus_taiwanensis_LMG_19424_",536.406437749007,44535.5293965582,104.221491959831,4284.0507923704,1101.29516788865,29416.3832592729,1.41758331839835e-14
"Cyanobacterium_aponinum_PCC_10605_",614.577805243082,41247.2984529244,111.917487071412,453.484435926141,4486.82333269354,236.215610699892,65.1079617346948
"Deferribacter_desulfuricans_SSM1_",562.002832807392,41456.4122813041,109.960882305395,485.305368200983,5418.97026336997,526.671439616544,70.6935574049285
"Deinococcus_deserti_VCD115_",674.243677849832,38971.695253229,1567.55784383076,149.097704997119,4929.66526028963,18839.2380449246,408.056186950363
"Deinococcus_geothermalis_DSM_11300_",506.645247039466,43185.6051736141,107.419439805741,6446.52060912332,3489.37065493914,598.452198515372,207.304926141734
"Deinococcus_gobiensis_I-0_",466.733000653213,37179.2823144077,123.25716586333,13314.2834872966,4620.49669068627,22825.4903714161,1.34341827098851e-05
"Deinococcus_peraridilitoris_DSM_19664_",581.920435505654,38288.646146857,119.75489210214,37.4592649042562,4332.41003141926,17217.614297064,42.5528223728016
"Deinococcus_proteolyticus_MRP_",543.460725148207,39587.8959437659,112.610512076021,656.902232437624,7764.18540842942,14290.3771223344,0.273061550465175
"Deinococcus_radiodurans_R1_",618.402210629397,40943.1252106666,112.245992319776,467.651449043857,4587.87430670002,243.897383781125,65.644990891987
"Deinococcus_wulumuqiensis_R12_",365.23421716213,46505.3436668793,132.883079584958,24924.5103219378,3316.73934130747,94.6849019366295,613.097611333938
"Delftia_acidovorans_SPH-1_",601.541507698804,42053.2576104081,110.456049924404,419.181785124857,4222.66771509837,334.034953505423,64.5157719077311
"Desulfomonile_tiedjei_DSM_6799_",571.576388465056,43032.0952746852,109.010341618938,531.066342856054,4247.46210473917,249.779358982809,62.1493361358414
"Desulfosporosinus_acidiphilus_SJ4_",615.434451228322,41133.3046315661,112.270954310357,482.170994765234,4497.83992859718,392.849968288537,68.3396367171956
"Dinoroseobacter_shibae_DFL_12_=_DSM_16493_",551.919641088991,43952.9465363649,109.311611821033,665.120846096461,3557.89905435893,1789.21801561442,60.9776435369373
"Edwardsiella_tarda_ATCC_15947_=_NBRC_105688_",553.562388778746,42626.0280002625,106.834332703728,315.079220020698,4626.4701923503,1150.33817294927,63.0400040387184
"Ensifer_sojae_CCBAU_05684_",506.935150166861,36994.2095472039,109.351666730965,85229.6699366478,4024.04122492742,7636.86107510343,8.83393148867966e-13
"Enterobacter_asburiae_LF7a_",494.691895317602,39148.1995126542,103.800729628462,2.96088586957886e-16,5254.77242191187,22853.2156643943,45.2227408479548
"Enterobacter_cloacae_EcWSU1_",394.598704476193,32145.2851979112,91.5917798649486,6.32486577094438e-16,6047.67149094401,204643.701114919,0.0429586468602124
"Enterobacter_cloacae_subsp._cloacae_ATCC_13047_",408.324026188977,39500.4506001519,90.3156161172718,2.67568676482313e-08,3616.21707676968,143698.305620542,2.49181725669414e-16
"Enterococcus_avium_ATCC_14025_",590.92408565129,38661.969330737,107.064677936604,2.22044604925031e-16,2905.85976937122,29180.2805784864,26.0736143601026
"Enterococcus_casseliflavus_EC20_",577.98498216448,41653.5715786676,111.655472443313,506.693452564444,4409.37308294506,1833.26054044175,60.9413345779964
"Enterococcus_durans_ATCC_6056_",598.863953389403,41573.0872541794,110.134816287658,407.534355843595,4673.52899346019,433.794539030572,61.6413904735842
"Enterococcus_faecalis_13-SD-W-01_",705.432934313932,42905.1012162546,112.372425974652,345.803427294507,5047.14800238391,134.014231246334,2.22044604925031e-16
"Enterococcus_faecalis_ATCC_29212_",497.27804654955,49262.8574450823,103.287449032843,10222.3600144674,2888.19397489964,384.320282164595,2.22044604925031e-16
"Enterococcus_faecalis_V583_",645.53648754603,42701.8222597405,111.214831951929,7529.21124704364,4437.82392427228,95.7043542489858,2.22044604925031e-16
"Enterococcus_faecium_NRRL_B-2354_",2.22044604925031e-16,40820.1094527471,11559.3998614988,19039.0141151661,39574.5599429195,2.22044604925031e-16,258.495266769999
"Enterococcus_gilvus_ATCC_BAA-350_",128.935980174596,67916.7682721543,120.114382460083,48250.9131675525,2609.55296387459,133.202415139254,3335.58880969192
"Enterococcus_hirae_ATCC_9790_",565.568994687405,43980.0672748682,111.582025268209,357.770810756192,3927.9176860251,173.79516053541,63.4798829329085
"Erwinia_amylovora_CFBP1430_",536.603001729901,42381.0742386461,105.658407626179,286.79946564903,4625.05953318587,3146.91116861131,60.4295943701071
"Erwinia_billingiae_Eb661_",531.344040504743,40183.279277339,108.208222669966,2.22044604925031e-16,4960.47925322305,27339.6254163474,6.52995099861269
"Erwinia_pyrifoliae_Ep1-96_",601.439766349055,41205.0520528156,109.873269330673,479.941780603351,4427.66237736749,1098.17435404478,63.8180223445356
"Escherichia_albertii_KF1_",48.5412405945457,32946.153898962,146.755754687477,2.22044604925031e-16,32086.4234438555,26276.9080996937,185.180063997544
"Escherichia_albertii_TW07627_",95.4072863289143,33479.0667717298,142.712880281159,2.22044604925031e-16,32742.0569639726,34000.0040773144,152.845764920256
"Escherichia_coli_536_",153.436114822615,11884.1864282446,333.981509998641,17782.2660023477,639638.647330973,6917.73663612449,513.861161435789
"Escherichia_coli_ATCC_8739_",7779.0318540988,17862.2230031527,112.574232872278,895.323572573459,743701.87934971,1621.27927897532,2.22044604925031e-16
"Escherichia_coli_BL21",2.29419031518684e-08,6208.95446199554,107.420959474438,5561.37192296878,1252105.59070341,673.281317244514,512.307770821736
"Escherichia_coli_CFT073_",2595.0114518348,11226.1286020379,109.097067585792,3414.53126042283,1046326.15980928,511.230148251131,2.22044604925031e-16
"Escherichia_coli_O157:H7_str._EDL933_",1529.06802695361,6552.80560553936,104.383058346141,3086.28184401182,1378687.53015134,799.665575696563,2.22044604925031e-16
"Escherichia_coli_str._K-12_substr._MG1655_",1.20102020902313e-09,0.00910283670688103,97.2974650311703,2266.21756716862,1979619.76925635,321.808775273032,276.872474957635
"Ewingella_americana_ATCC_33852_",146.370186238255,40525.3736786015,93.020206456718,11664.7469500839,4207.03351527463,37363.2845210037,1391.55583094983
"Finegoldia_magna_ATCC_29328_",569.982267925993,40861.2153723513,110.216626268128,474.549705160502,5687.08642256299,244.531257913497,67.3560329723898
"Geobacillus_kaustophilus_HTA426_",613.517503529592,41203.7381062106,114.389350464138,586.414186501828,4442.04519622563,301.639017749518,63.2713531440817
"Geobacillus_thermodenitrificans_NG80-2_",609.101171188131,41602.7200250471,111.511631005656,496.4332024992,4362.8975661477,229.138286123445,64.0156414876533
"Gloeocapsa_sp._PCC_7428_",552.034398715437,41232.8666351785,116.205882773202,6.17366696912542,3518.61169002182,13554.9886540449,43.2438048217513
"Gluconacetobacter_diazotrophicus_PA1_5_",590.224890004762,41811.6600859836,110.026626438101,413.813946208468,4507.45289474163,688.821373932894,66.6604848166406
"Gluconobacter_oxydans_621H_",610.243558689402,41503.6529034839,111.891153941273,466.251523123867,4379.10294299703,388.897505255181,68.4920088975201
"Gluconobacter_oxydans_H24_",896.474315787846,41707.0756051246,110.511015656479,882.3562239341,4161.47731823802,270.79110073769,2.22044604925031e-16
"Gordonia_alkanivorans_NBRC_16433_",561.220195256666,44766.3016422007,106.94855191387,705.926912384706,3437.31088296502,369.054978889956,55.2708023728168
"Gordonia_polyisoprenivorans_VH2_",319.159989856566,39272.5478932962,102.238767908509,6384.85055383145,8722.48844898855,25044.3555068605,61.2031300354883
"Gordonia_sp._KTR9_",618.754159516282,40845.7529468532,112.332229044276,471.48522463507,4623.70323096643,260.42131036363,67.5796919383685
"Granulicella_tundricola_MP5ACTX9_",1758.27027544572,40824.3454395684,112.627027184808,568.489417965383,4736.754789294,331.381341857394,2.22044604925031e-16
"Haematobacter_massiliensis_",549.510060973851,55793.2995971256,100.457071151336,87666.2933211249,2.22044604925031e-16,177.449283767578,1182.28096485714
"Haemophilus_influenzae_Rd_KW20_",549.987037780334,41514.5354269514,110.44368794752,302.390456271376,5142.39965273771,2095.44883708261,63.8229538039239
"Hafnia_alvei_FB1_",563.797674585413,39161.1703447015,107.407065440987,133.875514316331,4889.99809602424,10697.1110770279,51.5900984514304
"Haliscomenobacter_hydrossis_DSM_1100_",613.890381147313,41300.6115828423,111.862751508812,451.253775570543,4469.41736527285,235.06308443146,65.0276785532663
"Halomonas_sp._KO116_",486.101022151788,43715.7793211177,108.99688762392,390.833880431451,3754.140684617,713.880970668058,364.657360327392
"Helicobacter_cinaedi_CCUG_18818_",602.980404587149,41269.296753267,110.787422578992,429.90203147428,4657.05261975918,387.919394604582,64.9591666722133
"Helicobacter_cinaedi_PAGU611_",599.168615281558,41376.3035684311,110.450170556007,420.616206267268,4657.77057083178,425.652342709814,64.775976612185
"Hirschia_baltica_ATCC_49814_",620.25506331549,40800.4126010517,112.650459783651,474.337639405624,4634.98499445287,246.643669063038,65.8723981484453
"Hymenobacter_swuensis_DY53_",612.161157923525,40932.0341891953,111.958796873866,521.527245103016,4708.16234036488,232.61266101142,64.9439529946289
"Ilyobacter_polytropus_DSM_2926_",445.977356277939,42027.1080947564,104.733561613274,406.7852866588,6298.76845975553,484.793302915018,1434.32372108357
"Jannaschia_sp._CCS1_",600.97649999783,40924.5564728542,110.862873940685,533.463290542601,4854.88858964066,426.674791270314,64.9545377458215
"Janthinobacterium_lividum_",517.68771951106,41966.9411345293,103.274891687075,321.631090914587,4070.79682435368,274.285029953897,8889.90077082959
"Klebsiella_oxytoca_",332.783960762759,36782.6721925967,98.9571249793843,4259.25244883655,6628.34391492405,90835.7637145495,36.0386780288731
"Klebsiella_pneumoniae_",2.22044604925031e-16,1.29228139382026e-10,111.902842233953,19455.5950409672,3.84398819733499e-09,821480.420126545,406.622796562677
"Kluyvera_ascorbata_ATCC_33433_",486.749331583174,42156.0628094105,106.424372415262,254.886903622699,6094.2288640278,2983.77197805075,74.9523917926326
"Komagataeibacter_medellinensis_NBRC_3288_",671.960333893431,41752.54951336,111.496110892192,1620.42650774948,4059.41845481397,297.122316990248,0.0109645486257636
"Komagataeibacter_rhaeticus_AF1_",612.299324462229,41340.5779925362,112.204527128426,485.701505959974,4407.81138488371,504.276537318182,69.7069183537208
"Komagataeibacter_xylinus_E25_",503.442125021648,43056.1815862487,116.312055859254,624.518984803213,3735.08403259815,671.729186211761,387.28333129781
"Kozakia_baliensis_",581.235677670625,42591.3244080114,139.680079937308,428.960581843592,3896.79454687997,1228.98386278299,241.446890513237
"Lactobacillus_amylolyticus_DSM_11664_",430.607770485165,47493.7834856186,102.936643335552,9542.29598248001,5030.97417578714,332.119733012827,2936.65719973017
"Lactobacillus_crispatus_ST1_",305.136242474483,38844.1295628863,100.769051778682,2.22044604925031e-16,11458.5857383812,14211.1402021221,95.8011056142995
"Lactobacillus_iners_AB-1_",305.335548668963,40528.7563682722,101.339155627886,105.994933451027,11859.8153964572,3968.10183882267,105.783791064034
"Lactococcus_lactis_subsp._cremoris_MG1363_",482.701021589679,46459.0351391267,103.495574050351,314.265010840829,2855.17823360191,19510.3155317377,46.5079146056685
"Lactococcus_lactis_subsp._lactis_Il1403_",435.036745165488,47778.103968776,106.170845679029,144.798633061359,1807.55479479944,19198.8183495442,48.2780140467605
"Lactococcus_raffinolactis_4877_",578.119873606632,41835.7916790089,119.987099435021,554.002417809987,4603.61301750575,2088.95205716138,84.0345411902753
"Leclercia_adecarboxylata_ATCC_23216_=_NBRC_102595_",527.57864778375,40926.1580930918,98.3433300153922,2.22044604925031e-16,6400.41348073801,27017.8971097875,2.22044604925031e-16
"Legionella_longbeachae_NSW150_",489.031296236895,47862.0358236629,102.775726483755,590.276597369212,2919.85402151857,694.037646358029,77.0223272941034
"Legionella_oakridgensis_ATCC_33761_=_DSM_21215_",506.848766636456,48783.3794194791,104.255362594762,1270.22122682072,2151.83005454659,225.636162476035,55.9323084439574
"Legionella_pneumophila_str._Paris_",586.391626950856,42962.0866813182,108.917110228661,402.183791994296,3911.75437354462,521.221695736411,62.8737540928495
"Legionella_pneumophila_subsp._pneumophila_str._Philadelphia_1_",508.975419333731,46962.7053789961,103.397498299777,1320.49193246313,2714.74939887238,924.988957674084,54.3645569951247
"Legionella_sainthelensi_ATCC_35248_",596.783909046854,42553.5329907279,109.861028770572,410.950632281512,3997.26827268517,390.015549620505,63.2702723298746
"Leuconostoc_carnosum_JB16_",580.387671102002,43635.4098440238,109.298661982787,782.99354671039,3617.67589953781,315.937308223673,60.3529820296883
"Leuconostoc_citreum_KM20_",574.742908390369,43853.5354037994,108.951331127924,1058.55995836195,3505.16586720545,307.160868520676,57.2709089176249
"Leuconostoc_kimchii_IMSNU_11154_",619.521156001969,40852.2631579578,112.306075954452,473.156101146351,4615.09408762802,252.485639334724,65.7677935713984
"Leuconostoc_lactis_",577.166136086266,44160.611764096,115.792134608429,1211.90388013073,3830.05505147819,294.292972401768,80.3507990747267
"Leuconostoc_mesenteroides_subsp._mesenteroides_ATCC_8293_",606.994181594836,41528.0866048618,111.544880857574,775.025168498182,4296.16705230457,405.480545380737,64.0779813548893
"Leuconostoc_pseudomesenteroides_4882_",617.962208101865,41723.3041965072,122.861783720763,962.216146064584,4977.18296963448,197.661128864795,102.977310312673
"Listeria_grayi_DSM_20601_",615.546651456076,41381.9572260906,112.075668578198,473.901952604115,4468.33734316008,434.185222913418,65.8414370237745
"Listeria_innocua_Clip11262_",623.319970796062,38724.2186745051,116.345633826483,1795.95880418042,4658.21338524857,12534.4530106514,6.32503868556023
"Listeria_monocytogenes_EGD-e_",5548.41534563889,30465.6516716546,710863.882360074,639.408445698367,4893.32182050575,13944.0276218565,2.22044604925031e-16
"Listeria_monocytogenes_str._Scott_A_",4255.13547113233,25676.7405645884,903387.67288491,26061.748032667,7231.44955834744,9121.94909623268,2.22044604925031e-16
"Listeria_welshimeri_serovar_6b_str._SLCC5334_",612.523991450062,41325.9907951301,112.208632222215,485.471723524245,4414.30720956047,495.579825568075,69.610472880588
"Lysinibacillus_sphaericus_OT4b.31_",580.749783131864,43932.5279758659,109.439808125389,384.100902387766,3587.17129789657,409.06862982045,66.5053943719948
"Macrococcus_caseolyticus_JCSC5402_",583.866754314389,42117.1424065458,1995.30380213208,401.236027063165,4053.6751518771,140.259900730971,61.4642611025826
"Magnetospirillum_gryphiswaldense_MSR-1_v2_",556.199290922417,42558.5296288494,107.038520894356,323.87503490766,4632.72391830425,1074.68606931064,63.164573413953
"Marinobacter_adhaerens_HP15_",683.023947091579,41230.6457856591,118.916168460446,5720.72990548817,4106.98203779539,308.098230173448,2.22044604925031e-16
"Martelella_mediterranea_DSM_17316_",502.456224849716,41548.1499964089,108.436770673409,15659.4172293495,3565.12443694445,285.263352010143,8.02522805068585e-09
"Meiothermus_silvanus_DSM_9946_",411.77087164932,42838.9107561027,109.567540081733,1991.0980902398,3652.10374548485,222.936915155536,1107.59870022689
"Mesorhizobium_amorphae_CCNWGS0123_",652.397830591258,42190.6312999435,102.679039849933,27323.7570686806,3075.10161559307,5446.72815361849,2.22044604925031e-16
"Mesorhizobium_ciceri_biovar_biserrulae_WSM1271_",547.250574966062,39742.1843939196,111.43331989743,16195.4823991156,4111.17936329455,285.708106981094,3.16780294318765e-14
"Mesorhizobium_loti_CJ3sym_",570.625542573999,41696.8986202396,109.791143859374,1124.06970316077,4763.44781173327,186.766175983543,79.932354357629
"Methylibium_petroleiphilum_PM1_",450.374572430357,46142.3537203645,107.359387947825,478.163851371781,7503.82978606102,1025.77430107996,60.964402782541
"Methylobacterium_nodulans_ORS_2060_",955.224532415062,38142.7029908365,108.310735240563,4398.34459250065,4642.36495582212,31697.1053977555,261.35463502386
"Methylobacterium_oryzae_CBMB20_",602.949961966994,41454.4691301915,110.914330580959,557.777111953571,4522.00890318541,301.527301644335,63.2428767319503
"Methylobacterium_radiotolerans_JCM_2831_",571.81841737743,39298.1925359461,117.06516212091,92.3087137321368,4064.34043100225,15370.3258227354,43.0375181929895
"Methylocystis_parvus_OBBP_",457.201997906605,44584.5640427432,102.11116358996,16554.9133548969,2581.77513698315,144.230871885046,2.4109266291856e-10
"Methylophaga_frappieri_",617.463767303718,41014.2248196913,112.174178678461,464.329912175504,4564.61939894452,242.729234663534,65.5448912908624
"Methylosinus_trichosporium_OB3b_",410.082934248431,46952.334460187,98.0090764273682,215.58230368514,5258.64284346738,5462.74497945118,1214.87059009548
"Methylovorus_glucosetrophus_SIP3-4_",580.466004409005,38700.2670584363,119.036728662168,62.3152781583162,4184.1047285621,16637.8635116575,44.8399599270883
"Morganella_morganii_subsp._morganii_KT_",752.76142126286,39115.9914651591,105.152506901235,47.400382723455,4840.51129137366,16691.6957947331,2.22044604925031e-16
"Mycobacterium_marinum_M_",648.291383435509,44441.8509887868,107.975421355954,342.754758837021,3502.7657798632,290.954661931122,9.6005357260201
"Nitrobacter_hamburgensis_X14_",676.311921951575,41158.8220460938,111.902370857396,456.303672508729,4495.17535101964,240.073017494081,37.8068449786971
"Nitrosomonas_eutropha_C91_",608.218134001041,41608.5818030309,111.074994149269,433.994308033682,4373.36205553479,298.289845464228,64.1622717872391
"Nocardia_cyriacigeorgica_GUH-2_",601.503130606594,42003.7128276933,132.081995476152,708.800552339949,4181.24102410862,211.357057691858,60.6153924939687
"Nocardia_farcinica_IFM_10152_",592.575393870775,41531.4513712066,109.407582119449,645.99596200035,4419.50077889505,862.911253896204,61.471496302325
"Nocardioides_sp._JS614_",605.848671182853,41364.4567815799,4118.21834968198,1834.96817168115,3802.3067993171,439.6686894708,72.722831294465
"Nostoc_punctiforme_PCC_73102_",564.725253980342,42348.7081964638,110.319768768126,398.383826793108,4092.31610108092,217.808808699223,382.977358951284
"Nostoc_sp._PCC_7524_",615.485127833456,41175.9954168755,111.993344777267,456.549614750734,4510.36276359234,237.835597063736,65.2244204329821
"Novosphingobium_aromaticivorans_DSM_12444_",558.194007442295,41324.3300099511,122.588870030085,4880.22473901026,3914.38938310729,407.410443402615,42.9415006078284
"Novosphingobium_pentaromativorans_US6-1_",320.143167606184,49850.7251350837,109.945907049343,3162.98729478357,7319.12140122248,330.644803746926,153.065420666891
"Novosphingobium_resinovorum_",718.838898630293,40872.6503732799,105.390474348692,24205.8232571996,2323.36552094919,21446.6216499666,2.22044604925031e-16
"Novosphingobium_sp._PP1Y_",647.664426620466,41767.0144935537,154.96215918948,6189.29619820894,6345.49584213458,743.9410742607,555.682709063813
"Oceanithermus_profundus_DSM_14977_",597.189268132341,41253.9319097638,117.905428504982,438.550099091232,4864.39354084346,219.114220783836,65.6115953366695
"Octadecabacter_antarcticus_307_",619.922305225598,40814.7181536018,112.359462597292,490.126635179154,4626.23059131374,245.538183428076,65.6181656441055
"Octadecabacter_arcticus_238_",1100.76896083923,39943.3812717531,117.856387122701,18449.7592388684,3224.13470783279,166.960420141642,2.22044604925031e-16
"Oscillatoria_nigro-viridis_PCC_7112_",447.670446212809,41123.9210262093,106.161696275515,257.947053036918,8485.22012634828,286.825117882632,82.6906812396601
"Paenibacillus_larvae_subsp._larvae_DSM_25430_",607.836568236434,41697.7997297585,111.784616034983,465.455380361502,4304.50892546466,437.586426000928,68.5331522671236
"Paenibacillus_peoriae_KCTC_3763_",545.1404972308,41443.9118444605,109.150257758581,473.035402331345,5838.45148133945,384.348186340847,70.1385782555727
"Paenibacillus_polymyxa_E681_",573.298205767879,43693.6024701528,109.128074724565,1309.30936906869,3515.43166696988,356.256534105836,56.1432797699011
"Paenibacillus_polymyxa_M1_",554.735903250877,43117.1768989243,106.854681110058,923.028372202421,4103.10552514374,990.95375325959,57.2573067757037
"Paenibacillus_polymyxa_SC2_",2.22044604925031e-16,46670.099229983,412.275522928499,410.305348408354,14772.4384440256,26349.0379401833,6265.28369835463
"Pannonibacter_phragmitetus_DSM_14782_",529.347557214178,39135.0281070627,104.935314328162,15584.4310167696,4541.92068032572,207.518179424402,45.8377237832795
"Pantoea_agglomerans_",2376.63359191531,37466.7110672788,97.8717925739521,50423.2727629254,4083.73959856019,25236.1678754669,2.22044604925031e-16
"Pantoea_ananatis_AJ13355_",2695.12039981527,37818.1957499471,95.1560259931166,72772.7317864981,1676.95202627855,38702.8026282439,2.22044604925031e-16
"Pantoea_ananatis_LMG_20103_",2732.49939581723,40275.4717805472,95.1900071105846,74348.4048355829,1628.34631654638,24975.4330920638,2.22044604925031e-16
"Pantoea_sp._At-9b_",948.37950542658,38394.1342902822,1678.68464712204,23270.8045075869,9793.54204848801,16664.7951464717,2.22044604925031e-16
"Pantoea_sp._PSNIH1_",478.470214846048,43422.2103382776,103.394148566472,4652.86144354209,4839.18434448795,254.182777828113,59.8567786409902
"Pantoea_stewartii_",618.113666305337,44352.4300728687,101.981401587372,8122.1094422096,3080.69247652908,16826.4919896947,554.87461125838
"Pantoea_vagans_C9-1_",518.053782347372,47393.0397132132,101.224790978167,25168.6655466403,1444.98271686393,2418.50834867621,2.22044604925031e-16
"Paracoccus_aminophilus_JCM_7686_",537.670365883499,42161.2560904623,107.218831663574,6894.53986570825,3759.75873059463,445.197035711318,0.0748523649762973
"Paracoccus_denitrificans_PD1222_",420.422822049679,38470.3357218702,111.199827512742,23773.0157019404,5923.96809041384,164.454002518585,32.0899542752244
"Paracoccus_pantotrophus_J46_",983.704428233271,38778.5848270984,119.786320731162,92381.7234487829,1619.53435300782,19242.4668886829,2.22044604925031e-16
"Paracoccus_yeei_ATCC_BAA-599_",513.522337112035,43699.1403672533,159.815070138396,113043.173624796,4058.00324394821,394.944574973241,2.22044604925031e-16
"Pasteurella_multocida_",598.217477750945,41402.9260560413,110.366844404982,418.314907324789,4657.86577755917,435.550444413945,64.7315720392406
"Pectobacterium_atrosepticum_SCRI1043_",609.707614611198,41566.3645118557,111.486453923122,523.579652190875,4361.22556849342,227.241766172174,63.6031687471672
"Pectobacterium_carotovorum_subsp._odoriferum_",561.233993388872,38922.2967357845,106.417469916398,169.058229250834,6328.80501629172,8810.14876497105,41.4445621910264
"Pediococcus_acidilactici_DSM_20284_",622.791768409903,42424.4730443974,115.110949111095,777.543224462547,4322.81251806473,197.983972995077,83.9329607361067
"Pediococcus_claussenii_ATCC_BAA-344_",547.385665108182,43001.3280118003,107.631671436685,326.527583675111,4861.57300373186,281.242562644413,64.0128639416557
"Pelobacter_propionicus_DSM_2379_",558.535887772121,40127.0997514355,106.804236371885,189.59314488066,4679.55631353401,8346.83130522079,52.9552815151671
"Persephonella_marina_EX-H1_",601.770973604733,42256.8076316269,110.866291312253,415.351372663143,4159.02055957658,215.724198456186,63.6965951479153
"Phaeobacter_gallaeciensis_DSM_26640_",569.342136569014,43307.988567938,106.950738623041,1746.59496698584,3305.06435556755,1115.31668245779,48.1075724038533
"Phaeobacter_inhibens_DSM_17395_",599.886442834839,46081.2976678979,100.26710080932,44052.1438655264,2072.67276490424,1290.14448406926,143.94736261486
"Phenylobacterium_zucineum_HLK1_",3081.24053784199,40559.904908678,141.827515388895,12476.5306213588,2790.71019948682,29373.3732802402,21257.0888434223
"Photobacterium_damselae_subsp._damselae_CIP_102761_",617.810023178599,41098.7704095809,111.265669979942,487.228838203987,4925.05974028916,226.205581855759,55.9222977514238
"Photobacterium_profundum_SS9_",617.14305096991,41051.9154126427,112.110551242925,462.429203619952,4549.72505646398,240.70384370103,65.3687190666431
"Phycisphaera_mikurensis_NBRC_102666_",616.396161535247,41001.2009367555,111.98400086079,591.151861921996,4533.80265918852,250.121064817886,63.7725128947606
"Pluralibacter_gergoviae_",545.116416836866,42194.8552314527,105.584742546974,6398.532492454,2674.68922356173,4505.97608110185,0.731855883002178
"Polaromonas_naphthalenivorans_CJ2_",495.816376122646,40705.6706874818,7683.03385778512,8969.78046606821,4460.14455562236,997.263169664111,52.7914864348831
"Polaromonas_sp._JS666_",601.072315998383,42014.5136864359,112.110457521724,491.791860047125,4076.34675398727,1112.34682498167,74.0909696919589
"Polymorphum_gilvum_SL003B-26A1_",612.282834823632,41373.821498848,111.70249470401,509.284563934428,4429.0165402945,238.027664627628,64.1336979686344
"Proteus_mirabilis_HI4320_",605.214141948156,39943.3283060903,103.69410468153,2.22044604925031e-16,4018.82805077133,31600.6413677034,2.27220075385429e-05
"Proteus_penneri_ATCC_35198_",510.594461169074,44397.378981463,103.606088844649,370.389544879707,3782.47317423439,3764.71763544999,58.3029040218647
"Proteus_vulgaris_",491.601914709295,41777.8842030083,106.233457900318,0.0128323586595611,4623.55613014024,12857.6517041245,51.8157000620656
"Providencia_rettgeri_Dmel1_",598.343099471025,39551.328677555,101.771165942114,55.07183484225,3476.77981529766,37781.0596786045,2.22044604925031e-16
"Providencia_rettgeri_DSM_1131_",511.572855232777,42965.2058109731,96.6492572137522,2.22044604925031e-16,3003.86508100479,46454.1383870938,2.22044604925031e-16
"Providencia_stuartii_ATCC_25827_",688.785294831316,40838.8650061152,103.01035991427,2.82306558376024e-06,3813.13787288536,20566.5062586378,2.22044604925031e-16
"Pseudanabaena_sp._PCC_7367_",609.177534817017,41652.9199515904,111.524771056516,438.197808916028,4357.00958191619,229.595150512539,64.6382895615423
"Pseudoalteromonas_sp._Bsw20308_",240.103455233624,41147.617780766,113.612872499225,7609.47962845092,8645.53595355329,245.791345088534,14725.1951398911
"Pseudoalteromonas_spongiae_UST010723-006_",584.620212581886,41060.9832895551,109.282364887133,484.675006209864,4915.77087173298,1013.09415000022,64.4611932056891
"Pseudomonas_aeruginosa_",653.294269012856,18626.1945410112,108.256758319714,18142.0139987569,2.22044604925031e-16,394934.795798592,1121.88120739718
"Pseudomonas_alcaligenes_NBRC_14159_",617.90955878694,40973.4819538194,112.057187305864,467.091265723,4564.1803740549,274.266340056854,65.4910827153956
"Pseudomonas_chlororaphis_",0.00111544780508911,37725.989670989,107462.056358055,69.9578705485767,10347.1489084113,2.22044604925031e-16,14659.2152005572
"Pseudomonas_fluorescens_F113_",6954.22699991442,37521.0334410112,101.948791755102,2.22044604925031e-16,4442.11532121055,26394.3422020642,2.22044604925031e-16
"Pseudomonas_fluorescens_HK44_",2220.834144672,38133.6144224859,105.396942942175,2.59515146940609e-10,4724.48510152902,20187.7458263482,2.22044604925031e-16
"Pseudomonas_fluorescens_NCIMB_11764_",2146.08920053482,38414.2880380297,105.51199659253,2.12985935538231e-06,4659.39991557193,18715.4976465229,2.22044604925031e-16
"Pseudomonas_fluorescens_NZ007_",2150.22490281648,39506.8465713666,102.309712949702,2.22044604925031e-16,4301.56732470566,26746.7680120589,2.22044604925031e-16
"Pseudomonas_fluorescens_Pf0-1_",2224.33258504343,37868.8710910644,104.969758661209,12921.0684461343,3810.80474148652,17418.7195760862,2.22044604925031e-16
"Pseudomonas_fluorescens_Q2-87_",2487.61247023567,38354.5563208147,106.5265361147,6816.27527140936,4349.58947479792,13388.3948728161,2.22044604925031e-16
"Pseudomonas_fluorescens_SBW25_",493.20554535895,32633.290550145,105.379246794658,2.22044604925031e-16,4683.27037978376,96017.8524256661,64.5074789409041
"Pseudomonas_luteola_XLDN4-9_",593.042663851202,43850.3784081756,109.836009199272,397.883485548198,3663.68120210522,463.671371630686,68.4526551044034
"Pseudomonas_mosselii_SJ10_",614.093750265713,41222.9152449029,112.240111173603,483.764518360096,4459.5068829024,437.942953282641,68.9297415603808
"Pseudomonas_nitroreducens_TX1_",409.587328613163,38793.6152859938,96.8738403282685,21662.5721025859,2843.26488027824,42206.8750386007,0.00658344491781611
"Pseudomonas_poae_RE*1-1-14_",603.217660482481,41938.5665256262,112.749594613375,412.188738476665,4097.1999203428,716.847583193116,63.714328487988
"Pseudomonas_psychrotolerans_L19_",554.988123782073,40973.3905783022,108.952282012437,455.003540118724,5856.28921086063,470.900767044717,67.8899625425903
"Pseudomonas_putida_CSV86_",1308.22441512664,32286.9002210859,109.151817654447,2.22044604925031e-16,4379.70180077796,86668.0500328362,2.22044604925031e-16
"Pseudomonas_putida_F1_",662.096275526213,32740.8291175524,111.098277800621,2.22044604925031e-16,4824.02144594502,77911.6594076694,6.2875517652513e-15
"Pseudomonas_putida_GB-1_",660.287227118909,33235.6994007333,110.937604186729,2.22044604925031e-16,4802.12426854818,73759.2594497358,2.68131877648984e-16
"Pseudomonas_putida_KT2440_",1074.3407900484,29845.2427828701,105.077007085468,2.22044604925031e-16,4445.84407707096,139243.76427428,2.22044604925031e-16
"Pseudomonas_putida_NBRC_14164_",1350.24665228905,30713.5102804061,106.337590269335,2.22044604925031e-16,4490.45433433316,120012.039395502,2.22044604925031e-16
"Pseudomonas_putida_S16_",639.754855807911,33712.8909873273,108.863700602573,2.22044604925031e-16,4613.56152742947,78515.2027611411,2.22044604925031e-16
"Pseudomonas_putida_W619_",620.616336817161,34021.1777432759,110.900989099031,2.22044604925031e-16,4653.62059261341,68262.7904372796,2.85287052810219e-08
"Pseudomonas_resinovorans_NBRC_106553_",535.323118491694,46882.0194467368,108.540138094097,283.150051305242,2642.36034782367,843.809868526269,66.0713547035154
"Pseudomonas_sp._20_BN_",588.63273893883,34038.3374530599,107.530620254262,2.22044604925031e-16,3299.44040704343,73090.8936892475,0.334553029408747
"Pseudomonas_sp._BAY1663_",596.377372809582,32571.3927254163,108.244979591053,2.22044604925031e-16,3297.82190070389,87406.1708620327,0.846198482573558
"Pseudomonas_sp._CF149_",611.211539608629,37501.2920346447,115.969079083901,0.00574292454750444,3496.56322536496,25064.4399856824,33.8610747307722
"Pseudomonas_sp._Chol1_",592.963167623416,35397.1387413823,109.282170341798,3.14040266573032e-11,3089.7675791293,59225.4962221237,16.6171130138805
"Pseudomonas_sp._G5",591.630801262988,35594.1551319212,110.582270475924,2.22044604925031e-16,3255.79530165071,53962.0458572791,23.2523697491938
"Pseudomonas_sp._GM21_",579.040046411902,35681.2954515727,109.440888144173,2.62685915782758e-11,3475.20330673214,53672.3880472349,23.6410864672437
"Pseudomonas_sp._H2_",594.738647086577,35685.0417561,110.538427850099,4.82336091704801e-11,3334.72962160222,50531.6426795304,19.1881962251912
"Pseudomonas_sp._HYS_",584.667031947012,34421.8574891647,108.511533848816,2.22044604925031e-16,3496.07744787159,66593.0726141313,7.51760546746449
"Pseudomonas_sp._Lz4W_",592.097259734748,36672.6419937263,110.897522929885,5.20317648733747e-10,3373.9741615338,40455.2856651836,28.2908166580057
"Pseudomonas_sp._M1_",588.70118456848,33700.334704919,108.650648831718,1.57784124422505e-09,3244.97375957958,78637.0323248072,2.43620950474077
"Pseudomonas_sp._M47T1_",580.349438389879,36324.5376165132,109.563936912691,0.00017144388274284,3478.69948752673,46283.929317138,26.5635384383029
"Pseudomonas_sp._RIT357_",586.569002020799,35049.472470307,108.948673464369,7.2554340313766e-10,3349.2741451793,60943.9739505237,13.6863760330102
"Pseudomonas_sp._TKP_",584.562287671607,39886.1288196242,110.681738395626,428.891840274769,4119.45279337016,8526.9909500373,50.4856584342144
"Pseudomonas_sp._UW4_",594.599784363031,34912.8653017289,108.925228670066,2.22044604925031e-16,3455.76235321214,58370.8715904006,4.46073320915592
"Pseudomonas_sp._VLB120_",796.572120714018,38598.273428574,111.398525101544,250.273142339685,2854.3175260865,27639.7379308005,2.22044604925031e-16
"Pseudomonas_stutzeri_A1501_",600.862251726925,42192.2208562777,113.85745183657,410.08326117307,4066.79842511647,533.6872161554,63.5885306989893
"Pseudomonas_stutzeri_ATCC_14405_=_CCUG_16156_",530.829639779042,47773.979126743,108.116068209373,271.250552405271,2529.60611852564,285.708533994048,63.6867481561617
"Pseudomonas_stutzeri_CCUG_29243_",572.792329094365,44554.0825900496,111.028013351108,333.62269167625,3370.29119398166,357.344112558681,61.4374532296647
"Pseudomonas_stutzeri_DSM_10701_",568.828286678236,44837.3718223596,111.254040877307,325.478197699397,3274.84593529096,395.378876030455,61.5327774510778
"Pseudomonas_stutzeri_KOS6_",533.855576669012,47538.0913988477,108.48518739804,274.504103148439,2580.90875466533,303.253520055915,63.4193324034344
"Pseudomonas_stutzeri_MF28_",514.796905647986,49102.9176914647,104.525363170541,256.278881392797,2290.51687848089,119.006607328775,64.9197540244117
"Pseudomonas_stutzeri_NF13_",465.513538989499,51743.478822049,103.772943210531,215.974365272212,1724.28023150566,521.025557310701,73.4114320054749
"Pseudomonas_stutzeri_RCH2_",576.599722804627,44210.8980394534,112.055252357772,340.55723253613,3448.81387724054,432.028739512142,61.6161111562034
"Pseudomonas_stutzeri_SDM-LAC_",573.664647774145,44606.1344176531,108.333310260929,337.834950704446,3425.12777591862,170.089293325281,61.0082142515416
"Pseudomonas_stutzeri_TS44_",473.263823838279,50987.2314680975,104.208770521789,218.020123046371,1888.48812003009,625.954453540355,71.635354604095
"Pseudomonas_syringae_CC1417_",388.522617868821,40838.217658818,132.276611264372,206.677150364082,9952.62092523614,2543.23784811481,98.3089057126978
"Pseudomonas_syringae_pv._maculicola_str._ES4326_",373.675165820455,40658.2794238482,133.945948131856,194.03279871925,10563.0352287742,2399.28451266258,101.747239647527
"Pseudomonas_syringae_pv._phaseolicola_1448A_",609.59773937849,41512.6910642043,112.162713941076,488.163432326334,4329.21282041476,618.232428701833,70.8449526162966
"Pseudomonas_syringae_pv._syringae_B728a_",510.200720376903,37678.3905171572,129.147972164819,6.61247389399634e-06,8663.7590639992,12819.9126108054,57.2206272542472
"Pseudomonas_syringae_pv._tomato_str._DC3000_",569.938300166494,44405.8156274963,108.828880910815,506.365086493701,3412.12633331009,524.731408141114,66.0184043314564
"Pseudonocardia_dioxanivorans_CB1190_",596.838170686631,42344.3669356353,110.213850112269,878.653087572128,4016.90180348026,202.479958408764,56.8690687034237
"Psychrobacter_sp._1501",623.839793306915,41271.9368003355,110.782289480167,477.654377401531,4508.42274600193,478.642344825209,56.4984695826849
"Psychrobacter_sp._JCM_18900_",605.466399919812,41233.0725772445,110.698766922401,482.994746161672,4546.16786452307,511.762358487191,64.5401308731179
"Psychrobacter_sp._PRwf-1_",586.578188664193,41510.9857685266,108.840677668789,494.006910104698,4471.60757440172,1328.12521646407,62.5599820099944
"Rahnella_aquatilis_CIP_78.65_=_ATCC_33071_",654.582759325705,54874.9045636929,88.8699651434893,27899.0259284728,745.190229627269,5505.20240205054,2.22044604925031e-16
"Rahnella_aquatilis_HX2_",157.289120078475,39641.6315711125,95.341733276056,7789.65747198969,13369.3920451286,6005.82593272787,244.252157564383
"Ralstonia_solanacearum_GMI1000_",132790.621529223,42108.6938691742,1111.78762521379,12123.7539705293,13228.1528727875,1938.78147901579,555687.884415547
"Ralstonia_solanacearum_Po82_",925.322244781985,7.29890449305218,99.8131481121861,27.5346463504932,1138.61178521056,75.7374685413921,3549043.19274773
"Ralstonia_solanacearum_PSI07_",9445489.18156219,12.4052413544922,113.12247101243,603.611998552749,311.455309779886,580.446420932464,4443.58330535489
"Raoultella_ornithinolytica_B6_",571.858047909937,37648.3922356459,5208.2526304881,583.371932592631,4074.94611037057,65033.0209803739,2.22044604925031e-16
"Rhizobium_etli_bv._mimosae_str._IE4771_",444.850821920433,39328.7923751463,111.126896108039,37395.528458597,3805.31577428038,126.859884506858,3.28767043753741e-10
"Rhizobium_etli_CFN_42_",571.876315385587,40586.8550946763,109.796187357651,29153.2300366491,3738.22449931408,91.269036740328,2.22044604925031e-16
"Rhizobium_etli_CIAT_652_",324.88872751848,39611.1206407255,99.6871886515012,48238.9845718753,7444.75617495913,22.84945574336,29.3605115120792
"Rhizobium_gallicum_bv._gallicum_R602sp_",6.76713387932961,80676.017091914,87.3192103302186,38071.5306310378,2.22044604925031e-16,2.22044604925031e-16,753.338377062563
"Rhizobium_grahamii_CCGE_502_",833.719953284802,40261.3755805881,112.537686652156,42835.3947133229,2719.37143744423,318.861510708077,179.889817798104
"Rhizobium_leguminosarum_bv._trifolii_CB782_",723.350634798456,1.93536401392156e-13,100.556168060781,1157065.93857216,6010.77593962675,176.999625826011,22.2999668596542
"Rhizobium_leguminosarum_bv._trifolii_WSM2304_",404.27435074896,30527.7939778262,94.5494330024913,111648.256704159,16156.4237117568,9698.77053731912,3.32629171477187
"Rhizobium_leguminosarum_bv._viciae_3841_",2.22044604925031e-16,26012.6106019175,114.841433489992,194296.417360023,55370.7131371906,8880.71302890416,200.805730674438
"Rhizobium_tropici_CIAT_899_",706.309287580972,36675.010712585,104.393208577205,42152.2130121364,7999.28772584176,143.136885200654,2.22044604925031e-16
"Rhodococcus_equi_103S_",611.466748710598,41473.2939704262,111.627218957942,456.963226782497,4407.36918112146,239.453815359673,64.5820664788973
"Rhodococcus_erythropolis_PR4_",461.927311238834,44745.8494567663,100.021199754527,9371.28734606434,1501.1871063613,51201.8679220245,91.5021644667193
"Rhodococcus_fascians_",565.997176683168,43258.9760056802,107.178200219501,736.601570741192,3866.38723706781,906.034549840812,58.1608917982058
"Rhodococcus_jostii_RHA1_",149.705383596906,34870.2984494545,162244.400092318,18510.1762325825,3725.73365356833,2.22044604925031e-16,175.331294744391
"Rhodococcus_opacus_",442.410170508147,42879.4814687126,96.5432139959116,28575.0851905772,2938.37467987492,2031.95555959487,1.40833782535109e-15
"Rhodococcus_pyridinivorans_SB3094_",415.150044800323,39624.9528849265,103.318009690211,12611.3871311275,4265.21104432973,13887.9327047716,43.6101019194195
"Rhodococcus_rhodochrous_ATCC_21198_",219.965220044599,37546.0247144928,116.019429240959,1.0449803260294e-09,11016.929972417,42139.5938962561,257.485156163727
"Rhodococcus_ruber_Chol-4_",439.259925320583,40258.2289856958,107.851810346266,343.513736601969,9406.53086468652,82.0736351468022,87.9574810624453
"Rhodoferax_ferrireducens_T118_",556.867308261581,42141.1932943396,121.921110083734,451.877928285179,4778.54351423535,947.615893206041,114.818866207893
"Rhodothermus_marinus_DSM_4252_",616.176335477048,41122.6498922638,112.04776089309,458.811152927027,4527.81074384649,238.986590338355,65.3070936812489
"Rhodovulum_sulfidophilum_DSM_1374_",563.65703172746,40430.1276710426,112.761464171685,6674.93281833184,4350.59981644938,190.254498816091,0.253392935918327
"Rickettsiales_bacterium_Ac37b_",579.328193893387,43227.624419974,108.835104181751,448.49275802908,3931.49362580223,403.544518778122,62.6305346543829
"Roseobacter_denitrificans_OCh_114_",672.48195762241,42905.1732128425,108.352855399097,676.56265117119,4158.27500330392,584.855660767405,0.000183244636077927
"Roseobacter_litoralis_Och_149_",612.005655704812,44265.4160201685,114.627133187705,563.643752672,3787.87491560245,1650.96969491853,2.19466020843555
"Roseomonas_gilardii_subsp._rosea_ATCC_BAA-691_",519.107578401921,39789.164630494,123.726922471463,6227.63102903715,5578.30227362861,215.454806318925,35.5004609329975
"Roseovarius_mucosus_DSM_17069_",474.783807602174,49780.9970048794,107.428001977222,944.561760838973,2156.71848346174,976.206507336947,166.418894202862
"Rubrobacter_radiotolerans_",608.479261220038,41677.0200640496,111.404998156866,488.58886240404,4332.91899155545,232.073110233979,63.7623444099762
"Ruegeria_pomeroyi_DSS-3_",793.275441476393,50321.8000972163,107.60246461544,12164.2838151668,2711.74655474417,543.421688846189,5015.77796722883
"Ruegeria_sp._TM1040_",547.442557040743,41192.3394932332,107.873923360505,3244.68568441008,4744.8538647743,747.468726202368,45.720368487168
"Ruminococcus_albus_7_=_DSM_20455_",588.164636176224,40562.5107921609,109.779712538354,400.122783642081,4914.13487286538,2059.14302582764,66.5697512052768
"Salinibacter_ruber_DSM_13855_",614.986973250076,39027.1945940968,117.029262702155,231.801186180315,3477.36322125477,15369.465196377,44.8202180147548
"Salmonella_bongori_N268-08_",597.306753125915,41246.7541189937,110.585597570583,429.883737124526,4783.65250614265,407.356690364076,65.4688854035366
"Salmonella_enterica_subsp._enterica_serovar_Typhimurium_",132.239791273836,43135.0197171932,91.4024646905074,2.22044604925031e-16,7008.28210872365,100421.626313727,416.334074974381
"Saprospira_grandis_str._Lewin_",975.691583322751,41732.1606261836,643.354322065427,938.529362553905,4239.23021731438,192.443817087159,165.447801985426
"Serratia_marcescens_subsp._marcescens_Db11_",2.22044604925031e-16,30090.6942896918,94.7096224542699,4293.73916527937,53770.5797486015,98716.8550279636,1889.5790325372
"Serratia_symbiotica_str._'Cinara_cedri'_",619.862512821722,40827.4673159568,112.399556811142,476.106449230721,4622.51823754128,268.059597208765,66.3450270898004
"Shewanella_sp._ANA-3_",565.36812532406,41938.9933855099,106.661691199853,361.542112173676,3983.91619831264,4333.13177849301,56.2589013330712
"Shigella_flexneri_2a_str._301_",2.22044604925031e-16,90765.3921935505,78.7413571744576,2.22044604925031e-16,1784.05495907694,3373.61399612008,140.117392055427
"Simkania_negevensis_Z_",531.705404227864,45060.0393491064,105.857850731725,318.897532574971,3940.5161125657,335.91662504232,62.9853943836188
"Sinorhizobium_americanum_CCGM7_",1029.84855716694,29561.9658915672,95.0128407570436,440846.483728577,1343.89089721561,362.17962671661,191.78160317167
"Sinorhizobium_fredii_HH103_",606.34067186946,39563.7448486097,100.515105317709,72659.3867294775,2471.57600458383,6873.15284522918,1.34384747345788e-13
"Sinorhizobium_fredii_NGR234_",444.258823941083,44794.4522396629,97.0724781911926,60021.2860502709,1855.52920981035,138.615495909088,2.22044604925031e-16
"Sinorhizobium_fredii_USDA_257_",549.787907698018,32707.0735729552,98.279312973816,202630.187242826,3223.19930771903,54.9011807952343,2.22044604925031e-16
"Sinorhizobium_medicae_WSM419_",330.645355758294,40242.2928191699,95.1929731777014,57858.0130747845,6236.79418826419,472.528238023805,774.329229300948
"Sinorhizobium_meliloti_1021_",41306.3725166412,35531.9116191393,133.981254621994,349740.532607982,2176.23302041529,2.22044604925031e-16,2.22044604925031e-16
"Sinorhizobium_sp._CCBAU_05631_",466.263146730542,37325.8909651491,100.88770151533,57902.127154526,4530.59536449223,313.963461576219,69.4675898728524
"Sphingobium_baderi_LL03_",560.968224152834,40807.6197332243,109.099614452417,379.660495694082,5811.82769737523,613.520538862361,68.6012882378947
"Sphingobium_herbicidovorans_NBRC_16415_",375.132022529659,46214.344333523,111.88607134994,20972.7812866975,1039.60125893165,12704.5763698947,877.894007110238
"Sphingobium_japonicum_UT26S_",534.976146527082,43805.8748637544,104.932414543762,7311.91712181682,2765.75696155808,342.1524164965,7.34263844822073e-06
"Sphingobium_sp._SYK-6_",608.48907926643,41528.2539383911,112.108357629985,478.605539730743,4413.82320013486,262.93194258532,65.5744684640153
"Sphingobium_xenophagum_QYY_",2483.32665805385,36137.7045210796,122.473150313714,17844.6747686156,3673.2221608167,26222.4014977446,5601.22265375448
"Sphingobium_yanoikuyae_",379.454227899753,43105.2689917101,93.8791508363054,35790.9591313968,2170.35801746463,29572.4631432158,1312.31174091245
"Sphingomonas_sanxanigenens_DSM_19645_=_NX02_",655.449905308125,39196.0832460092,95.9722023043502,477.36773252727,5199.33206044855,10489.378888658,17864.559071917
"Sphingomonas_sp._KC8_",619.39109901551,40872.4545252464,112.92612542231,472.612161089663,4609.32791523845,244.378707023455,65.6547928865934
"Sphingomonas_sp._MM-1_",617.623378384705,40951.5261123976,112.973169065457,468.54847457303,4594.5896239174,251.630386026021,65.5087552424194
"Sphingomonas_sp._RIT328_",612.000202074785,41459.8587946593,115.69112081231,461.222783267562,4407.23437184077,229.282735358369,64.2356295255388
"Sphingomonas_sp._SKA58_",615.354551791886,41193.3969785079,114.426666626232,466.297393799025,4498.20806445777,235.971569112969,64.846133139117
"Sphingomonas_taxi_",528.749474810643,39544.1227395882,106.896949108219,5939.89074961475,5911.91962769373,205.782622152263,54.1349959069804
"Stanieria_cyanosphaera_PCC_7437_",496.938861084523,43057.200514027,120.23541071435,4868.97206670288,4434.10395156202,116.698788371523,33.2073893571771
"Staphylococcus_aureus_",2.22044604925031e-16,91816.745821519,65332.7583147393,18263.3635383101,64566.7124836319,39914.930368712,3256.4747593994
"Staphylococcus_capitis_C87_",584.844210950021,46080.9339530617,118.232208746127,278.667448534539,4502.95154253056,93.7353221978752,0.00696048071801417
"Staphylococcus_caprae_M23864:W1_",719.003443659776,42718.836996787,108.845173264702,872.358807816299,3855.66581752162,424.992226447366,5.23502803362904e-13
"Staphylococcus_chromogenes_MU_970_",522.310614745309,46745.941875114,132.094409980987,285.549750047311,2999.588720864,774.6980213034,65.1473767769955
"Staphylococcus_epidermidis_ATCC_12228_",835.094647655842,49111.0258851184,123.640194930247,3047.51212661863,2313.58878017959,1265.71550444757,2.22044604925031e-16
"Staphylococcus_epidermidis_RP62A_",873.260097181636,48361.3497272438,127.722208535712,1114.80396466583,2848.18047453375,3401.53823646387,4.61186413306643e-09
"Staphylococcus_equorum_subsp._equorum_Mu2_",542.366712415142,43154.9873324691,110.205172554314,987.705208869447,4610.84953038199,157.46937859419,131.567600469689
"Staphylococcus_haemolyticus_JCSC1435_",626.504195354561,42276.9383307349,107.376680811642,3870.88075150222,3571.31129621357,441.715823313725,5.85749010712631e-09
"Staphylococcus_hominis_SK119_",620.269496625793,40800.7751166544,112.39329720043,473.277671470358,4635.04798109789,246.660128772521,65.8849032704268
"Staphylococcus_hominis_subsp._hominis_C80_",624.32653609408,42875.5991355372,106.295886580489,2716.13321884107,3611.24602750325,900.912281563656,2.22018609364595e-06
"Staphylococcus_lugdunensis_N920143_",559.982119330534,42857.1918438363,108.948301085761,338.877168064469,4730.2853963776,277.231648810717,109.358967274782
"Staphylococcus_pseudintermedius_ED99_",571.140119523671,42321.2802525934,109.043739480294,366.002830576604,4759.79529890255,273.768902275625,63.8775285589532
"Staphylococcus_saprophyticus_subsp._saprophyticus_ATCC_15305_",505.185822305425,47319.4945306461,111.32381836836,1714.19220930378,4294.31210052188,341.195676424341,3.45257925043222
"Staphylococcus_simulans_UMC-CNS-990_",738.850569831979,42146.0191376048,110.175089420601,966.547640001167,4027.59110761064,219.889159718251,2.22044604925031e-16
"Staphylococcus_warneri_L37603_",595.843937204539,44096.9803643284,119.693383037103,1008.3361400527,4305.85880708682,159.886920250106,102.583204530647
"Staphylococcus_warneri_SG1_",665.509155388437,43788.7374964729,115.90883510327,804.809978399071,4278.7012471626,298.486596044921,50.7224881952185
"Staphylococcus_xylosus_",511.009174749484,44239.1157043363,104.175978279437,266.307957640229,4499.7650376459,1404.17518114623,64.4615498404262
"Streptococcus_dysgalactiae_subsp._dysgalactiae_ATCC_27957_",575.965742777523,41612.3402611821,131.667820789451,567.459635637847,4863.39814938818,192.321959189539,92.29840071816
"Streptococcus_dysgalactiae_subsp._equisimilis_AC-2713_",568.108695476004,41937.8738060844,143.515009240061,632.785795257218,4783.24576489788,181.75768103803,93.1972665986814
"Streptococcus_equinus_ATCC_9812_",609.359225166024,41482.4920824416,111.451192855179,440.656206272489,4433.68939853222,273.156292058958,70.257589032854
"Streptococcus_salivarius_57.I_",492.259591831482,44151.2628974911,103.844882219055,75.1246739435206,3818.17771363964,8270.55343169949,61.7218571270451
"Streptomyces_alboflavus_",592.705231268088,43004.8614832397,105.819572891221,504.759002639261,2875.52515922334,6164.04530620052,127.089442370142
"Streptomyces_cattleya_NRRL_8057_=_DSM_46488_",339.753543415522,42134.8485849565,96.1431385384444,63851.0941333008,2259.29381595213,638.193643948974,8054.59488647671
"Streptomyces_clavuligerus_ATCC_27064_",1021.07360189812,45030.4387227645,101.025784990314,19074.5371626238,2499.66674898779,93.105774519204,2.22044604925031e-16
"Streptomyces_griseofuscus_",534.496189201306,46705.5097002722,105.547579683992,1176.43935276185,2647.45759478246,321.154972149952,54.2326405200376
"Streptomyces_sp._Mg1_",503.913982904126,42679.3902739752,115.146766542449,15366.4758082938,2658.17322241261,122.878793296181,37.0856499094781
"Streptomyces_violaceusniger_Tu_4113_",521.030695553431,41605.5436128429,107.647606721864,545.564857856816,6246.77343401417,271.476613471568,67.861787867341
"Sulfitobacter_guttiformis_KCTC_32187_",381.953310092873,54980.6821505018,104.710036958554,2459.49171295051,1351.96598531025,154.328358732826,68.2332109589022
"Sulfuricella_denitrificans_skB26_",551.603667002287,45632.2840410255,227.985086614296,390.156786832358,3130.62345875912,347.245716435648,62.8614596760819
"Sulfuricurvum_kujiense_DSM_16994_",604.33150052159,41477.5392095005,112.228489740326,1111.01360292552,4265.37643001998,249.997660489884,56.475265629638
"Synechococcus_sp._PCC_7002_",508.058455777437,44270.900194949,206.08190652597,1969.96056634113,3821.15083032503,684.535290531928,82.8901515654721
"Synechococcus_sp._PCC_7502_",617.209343937983,41027.2888101579,112.590373092436,462.094720972318,4547.62940423437,272.606558048013,65.4598584515301
"Synechocystis_sp._PCC_6714_",587.002267999776,41731.7294335032,111.156723670076,2360.51534121515,4001.3854301582,257.410640319103,45.5697847226851
"Tetragenococcus_halophilus_NBRC_12172_",520.087640181574,45948.6655533634,207.070464086133,683.778512520876,4018.98801190192,80.9128290804687,430.498709319731
"Thalassospira_xiamenensis_M-5_=_DSM_17429_",617.878345322112,40966.3333834574,112.336809527658,478.967597461313,4567.02922513789,319.671534870248,67.2464001936618
"Thermomicrobium_roseum_DSM_5159_",23066.5102708726,45388.8502067956,173.209349468703,47286.2815206788,4784.63618611912,35.8002082389979,2.22044604925031e-16
"Thermovibrio_ammonificans_HB-1_",604.51835839018,40585.6265899697,114.776309707737,421.09088482501,4615.39412415601,1662.42029702515,65.3006530354012
"Thermovirga_lienii_DSM_17291_",629.116245663649,41019.9235559865,112.120142489478,493.190002234179,4549.52996797085,243.067339879306,68.6965661497427
"Thermus_oshimai_JL-2_",600.398339960102,41288.6470023844,111.3439524347,962.679463653288,4365.24788104923,227.9806290299,97.5742329802924
"Thermus_thermophilus_HB27_",385.659111146264,43715.1498964519,137.723260042644,405.045804166872,3636.92612803957,727.887210841809,1309.18836648559
"Thioalkalivibrio_sp._K90mix_",567.473583419159,42035.101221913,108.710568103523,686.781792667531,4567.36133763577,1194.77239080909,64.4718179161483
"Tistrella_mobilis_KA081020-065_",708.834452125854,49845.1158557475,101.757280526529,2134.3494663972,2901.16296434891,454.156853630267,2953.75335210719
"Vibrio_alginolyticus_40B_",642.865310132322,38218.7491818233,97098.1086005567,6.7356497710117e-05,1063.69480160784,36553.8102774457,793.963874012735
"Vibrio_alginolyticus_NBRC_15630_=_ATCC_17749_",734.618802204025,38091.277833152,58563.9208954066,382.410096970686,1225.3072112589,36037.7293539085,1102.81012291268
"Vibrio_anguillarum_",2.22044604925031e-16,0.049960902923386,2418329.01577981,41.8320461371866,0.909215168047461,1339.01075168526,457.324844972165
"Vibrio_breoganii_1C10_",597.772811490258,41820.3770600564,111.609341591695,445.025595384368,4241.88446301983,911.539354484146,66.9467048973728
"Vibrio_cholerae_O1_biovar_El_Tor_str._N16961_",552.992172197513,38775.5752951605,105.999062816014,2.02765177896116e-11,3220.00923448147,35372.3531410889,26.8240074478419
"Vibrio_cholerae_O395_",543.317200236525,39052.4603920644,105.456536403042,1.14050253977999e-12,3548.11120452425,30036.9352884015,36.2064128057538
"Vibrio_coralliilyticus_ATCC_BAA-450_",495.297405777126,43994.4965472642,225.297509240218,227.709431514301,7727.21422398691,134.865442265455,216.698013387727
"Vibrio_nigripulchritudo_SOn1_",314.147228253878,53667.1743816632,95.5810231491618,2162.88587029211,3137.33346444818,451.431961699301,100.152560487667
"Vibrio_rumoiensis_1S-45_",590.356128056448,40969.9273327855,109.174503567082,518.81765382557,4655.0964007914,1558.49917683334,62.831365394399
"Vibrio_scophthalmi_LMG_19158_",598.043331328747,42113.4237823935,111.705132285738,474.518953581768,4074.94601824436,1096.71073481801,78.3298400806143
"Vibrio_tubiashii_ATCC_19109_",604.033874747553,41657.0250242864,111.348250305265,461.501301488538,4330.03777092336,651.801886816643,68.930472587199
"Vibrio_vulnificus_",572.955566444502,42498.0404749487,107.531667887735,364.110998758821,4052.50747839685,1833.48728057162,61.6490334797244
"Virgibacillus_halodenitrificans_1806_",470.477353892705,46111.1544049112,112.43029856436,431.840931383632,4863.4227065617,2415.55337470036,127.497485514514
"Weissella_cibaria_KACC_11862_",622.13088974721,41787.6347309314,121.411210711881,971.375576907645,4866.78558806191,197.808172723722,100.195760062189
"Weissella_hellenica_",616.560340857152,41957.3285174563,122.18461669637,965.115566576826,4880.45339008875,199.830872078185,103.28689394039
"Xanthomonas_albilineans_GPE_PC73_",601.764610193831,42115.1100043769,111.044979055325,572.475206540178,4156.37869278337,313.758481530174,64.5447793046503
"Xanthomonas_campestris_pv._campestris_",614.7647125824,41178.2484740599,112.255084905921,482.982174703471,4478.72308017732,414.915963420127,68.6353579593382
"Xanthomonas_fragariae_LMG_25863_",599.968630659194,42224.7242405287,110.739062642404,617.216186523564,4126.51481984463,212.035055726138,61.4026600350929
"Xanthomonas_hortorum_pv._carotae_str._M081_",616.025959284724,41092.6642433233,112.019196389904,513.095399293238,4524.74398186714,238.278327745414,64.6888307696142
"Xanthomonas_oryzae_pv._oryzae_PXO99A_",561.510373157702,39290.0843418315,107.833643182572,223.335821947025,5324.34651880136,7322.00159727105,57.6435622519769
"Xanthomonas_vesicatoria_ATCC_35937_",654.030036398575,42335.4391751199,109.382073237209,393.214282783465,3908.59205914078,966.845496562768,37.4430480059148
"Xylella_fastidiosa_9a5c_",569.715811407982,38889.4325381865,112.89270276054,143.342411092556,4872.32054455774,11148.3165814697,50.8855359176719
"Xylella_fastidiosa_PLS229_",565.233993016135,39491.1262764836,108.068565019976,257.070081294412,5293.8560448914,6131.20583975872,59.2855587039046
"Yersinia_enterocolitica_LC20_",542.266388252122,44844.6284618231,105.424780750838,279.279985279923,3462.68405319749,1395.02148611608,62.7061786338745
"Yersinia_enterocolitica_subsp._enterocolitica_8081_",226.906363752725,65720.9987235073,96.6450039273387,180.061834684903,500.383306243046,242.925881027334,137.253422698647
"Yersinia_massiliensis_CCUG_53443_",562.083505678853,44106.459988265,107.528105419683,282.965877290652,2923.70366143908,4185.35413134923,65.6489048071494
"Yersinia_pestis_CO92_",130.627903318343,68989.0622113365,88.6703139955963,2.22044604925031e-16,474.007009096791,7064.13193428192,136.003162459232
"Yersinia_pseudotuberculosis_",557.443701541854,42721.3492772679,107.847349393711,330.940394238081,4237.40437572647,2224.05844631536,67.4267753830407
"Yersinia_ruckeri_",594.414314469804,41471.9318977968,110.985909285952,442.794887785954,4689.32731661385,545.444390501274,68.7450635495785
"Zymomonas_mobilis_subsp._pomaceae_ATCC_29192_",619.370167104909,40872.6133903661,112.313993198373,469.872651011465,4610.86034743999,244.738339568111,65.7425393162104
